ParentLocation,Period,FactValueNumeric
Americas,2019,0.31
Americas,2019,0.32
Americas,2019,0.64
Americas,2019,1.01
Eastern Mediterranean,2019,1.98
Africa,2019,10.15
Americas,2019,10.19
Western Pacific,2019,10.3
Americas,2019,10.34
Europe,2019,10.4
Africa,2019,10.45
Africa,2019,10.54
Africa,2019,10.58
Africa,2019,10.99
Africa,2019,11.01
Europe,2019,11.01
Europe,2019,11.15
Americas,2019,11.17
Africa,2019,11.25
Western Pacific,2019,11.25
Africa,2019,11.62
Europe,2019,11.77
Eastern Mediterranean,2019,11.95
Europe,2019,11.96
Africa,2019,12.12
Europe,2019,12.17
Western Pacific,2019,12.24
Africa,2019,12.33
Europe,2019,12.37
Africa,2019,12.38
Africa,2019,12.41
Africa,2019,12.55
Africa,2019,12.71
South-East Asia,2019,12.89
South-East Asia,2019,12.91
Africa,2019,13.11
Africa,2019,13.22
Europe,2019,13.43
Africa,2019,13.51
Africa,2019,13.51
Europe,2019,13.93
Europe,2019,13.97
Africa,2019,14.38
Africa,2019,14.43
Americas,2019,14.51
Western Pacific,2019,14.6
Eastern Mediterranean,2019,14.66
Africa,2019,14.81
Africa,2019,15.23
Africa,2019,15.66
Africa,2019,15.92
Europe,2019,16.06
Europe,2019,16.22
Europe,2019,16.49
Africa,2019,17.26
Western Pacific,2019,17.37
Europe,2019,17.73
Western Pacific,2019,18.02
Europe,2019,18.05
Americas,2019,18.83
Americas,2019,2.1
Eastern Mediterranean,2019,2.11
Africa,2019,2.2
Americas,2019,2.28
Europe,2019,2.34
Western Pacific,2019,2.54
Western Pacific,2019,2.54
South-East Asia,2019,2.55
Americas,2019,2.58
Africa,2019,2.6
Eastern Mediterranean,2019,2.66
Europe,2019,2.66
Americas,2019,2.73
Eastern Mediterranean,2019,2.76
South-East Asia,2019,2.76
Americas,2019,2.86
South-East Asia,2019,2.96
Europe,2019,20.15
Africa,2019,20.22
Western Pacific,2019,20.96
Western Pacific,2019,21.16
Europe,2019,21.6
Africa,2019,22.96
Africa,2019,23.19
Africa,2019,23.49
Africa,2019,23.63
Americas,2019,25.89
Western Pacific,2019,28.99
Eastern Mediterranean,2019,3.18
Europe,2019,3.18
Americas,2019,3.37
Eastern Mediterranean,2019,3.41
Western Pacific,2019,3.57
Europe,2019,3.62
Europe,2019,3.72
Americas,2019,3.74
South-East Asia,2019,3.85
Europe,2019,3.97
Western Pacific,2019,30.56
Europe,2019,4.33
Western Pacific,2019,4.37
Eastern Mediterranean,2019,4.47
Eastern Mediterranean,2019,4.49
South-East Asia,2019,4.53
Eastern Mediterranean,2019,4.66
Americas,2019,4.66
Eastern Mediterranean,2019,4.74
Eastern Mediterranean,2019,4.76
Africa,2019,40.46
Americas,2019,40.85
South-East Asia,2019,5.07
Americas,2019,5.11
Eastern Mediterranean,2019,5.13
Europe,2019,5.15
Eastern Mediterranean,2019,5.24
Europe,2019,5.28
Americas,2019,5.29
Europe,2019,5.32
Europe,2019,5.32
Eastern Mediterranean,2019,5.43
Africa,2019,5.47
Western Pacific,2019,5.49
Western Pacific,2019,5.77
Eastern Mediterranean,2019,5.96
Western Pacific,2019,5.98
Europe,2019,6.07
Americas,2019,6.11
Americas,2019,6.16
Americas,2019,6.23
Americas,2019,6.41
Europe,2019,6.5
Western Pacific,2019,6.67
Africa,2019,6.69
Americas,2019,6.82
Americas,2019,6.85
Africa,2019,6.87
Europe,2019,6.88
Eastern Mediterranean,2019,7.06
Europe,2019,7.15
Eastern Mediterranean,2019,7.2
Western Pacific,2019,7.22
Europe,2019,7.22
Eastern Mediterranean,2019,7.29
Europe,2019,7.33
Africa,2019,7.37
Americas,2019,7.62
Europe,2019,7.63
Europe,2019,7.65
Americas,2019,7.65
Americas,2019,7.68
Africa,2019,7.73
Europe,2019,7.86
South-East Asia,2019,7.95
Africa,2019,7.96
Americas,2019,8.04
Americas,2019,8.14
Africa,2019,8.15
South-East Asia,2019,8.2
Europe,2019,8.25
Europe,2019,8.27
Americas,2019,8.28
Europe,2019,8.28
Europe,2019,8.28
Africa,2019,8.46
Europe,2019,8.62
Africa,2019,8.75
Europe,2019,8.9
Africa,2019,87.48
Africa,2019,9.18
Europe,2019,9.27
Europe,2019,9.3
Europe,2019,9.31
Africa,2019,9.45
Africa,2019,9.45
Europe,2019,9.48
Western Pacific,2019,9.51
Africa,2019,9.64
Europe,2019,9.65
Western Pacific,2019,9.65
Eastern Mediterranean,2019,9.77
South-East Asia,2019,9.77
Europe,2019,9.83
Europe,2019,9.91
Americas,2018,0.31
Americas,2018,0.32
Americas,2018,0.35
Americas,2018,1.03
Europe,2018,1.65
Eastern Mediterranean,2018,1.94
Europe,2018,10.05
Europe,2018,10.12
Africa,2018,10.13
Europe,2018,10.13
Americas,2018,10.17
Africa,2018,10.25
Europe,2018,10.4
Americas,2018,10.5
Western Pacific,2018,10.66
Africa,2018,10.79
Europe,2018,10.83
Africa,2018,11.03
Africa,2018,11.04
Europe,2018,11.1
Africa,2018,11.16
Europe,2018,11.19
Africa,2018,11.2
Western Pacific,2018,11.26
Americas,2018,11.37
Europe,2018,11.56
Africa,2018,11.63
Europe,2018,11.88
Eastern Mediterranean,2018,12.17
Africa,2018,12.24
Africa,2018,12.31
Africa,2018,12.35
Africa,2018,12.39
Europe,2018,12.58
Europe,2018,12.69
Europe,2018,12.79
South-East Asia,2018,12.88
Africa,2018,12.9
Africa,2018,12.97
South-East Asia,2018,13.24
Western Pacific,2018,13.37
Africa,2018,13.56
Africa,2018,13.57
Africa,2018,13.74
Africa,2018,14.06
Americas,2018,14.09
Europe,2018,14.29
Europe,2018,14.32
Europe,2018,14.41
Africa,2018,14.68
Western Pacific,2018,14.8
Eastern Mediterranean,2018,14.81
Africa,2018,14.88
Africa,2018,15.9
Africa,2018,15.93
Africa,2018,15.93
Africa,2018,15.96
Europe,2018,16.45
Western Pacific,2018,17.74
Africa,2018,17.84
Europe,2018,17.94
Europe,2018,17.99
Western Pacific,2018,18.67
Americas,2018,18.85
Europe,2018,19.41
Eastern Mediterranean,2018,2.1
Africa,2018,2.17
Americas,2018,2.21
Americas,2018,2.21
Europe,2018,2.25
Eastern Mediterranean,2018,2.53
Eastern Mediterranean,2018,2.56
South-East Asia,2018,2.56
Africa,2018,2.58
Western Pacific,2018,2.58
Americas,2018,2.6
Americas,2018,2.74
South-East Asia,2018,2.92
Americas,2018,2.92
South-East Asia,2018,2.96
Europe,2018,21.08
Western Pacific,2018,21.09
Western Pacific,2018,21.27
Africa,2018,22.06
Africa,2018,23.19
Europe,2018,23.4
Africa,2018,23.65
Africa,2018,23.87
Africa,2018,24.39
Americas,2018,26.23
Western Pacific,2018,29.07
Western Pacific,2018,3.04
Eastern Mediterranean,2018,3.09
Eastern Mediterranean,2018,3.37
Americas,2018,3.4
Western Pacific,2018,3.51
Europe,2018,3.64
Europe,2018,3.65
South-East Asia,2018,3.75
Americas,2018,3.87
Europe,2018,3.92
Europe,2018,3.94
Western Pacific,2018,30.27
Eastern Mediterranean,2018,4.37
Europe,2018,4.42
South-East Asia,2018,4.46
Western Pacific,2018,4.57
Eastern Mediterranean,2018,4.61
Eastern Mediterranean,2018,4.81
Eastern Mediterranean,2018,4.88
Africa,2018,40.13
Americas,2018,40.41
Eastern Mediterranean,2018,5.01
Americas,2018,5.04
South-East Asia,2018,5.11
Europe,2018,5.26
Europe,2018,5.28
Europe,2018,5.29
Americas,2018,5.36
Europe,2018,5.38
Africa,2018,5.42
Americas,2018,5.49
Eastern Mediterranean,2018,5.49
Eastern Mediterranean,2018,5.57
Western Pacific,2018,5.58
Western Pacific,2018,5.59
Eastern Mediterranean,2018,5.7
Eastern Mediterranean,2018,5.91
Americas,2018,6.07
Europe,2018,6.09
Americas,2018,6.1
Western Pacific,2018,6.18
Americas,2018,6.31
Americas,2018,6.51
Europe,2018,6.6
Africa,2018,6.65
Americas,2018,6.79
Western Pacific,2018,6.81
Africa,2018,6.95
Americas,2018,6.97
Eastern Mediterranean,2018,7.04
Americas,2018,7.06
Europe,2018,7.08
Eastern Mediterranean,2018,7.09
Americas,2018,7.16
Europe,2018,7.22
Eastern Mediterranean,2018,7.3
Western Pacific,2018,7.37
Africa,2018,7.42
Europe,2018,7.5
Europe,2018,7.71
Western Pacific,2018,7.76
Europe,2018,7.85
Europe,2018,7.86
Africa,2018,7.87
South-East Asia,2018,7.9
Americas,2018,7.96
Africa,2018,7.98
Europe,2018,8.03
Africa,2018,8.04
Americas,2018,8.12
Europe,2018,8.18
Europe,2018,8.18
South-East Asia,2018,8.19
Africa,2018,8.19
Europe,2018,8.46
Africa,2018,8.48
Americas,2018,8.5
Europe,2018,8.73
Europe,2018,8.92
Americas,2018,8.99
Europe,2018,9.09
Europe,2018,9.17
Africa,2018,9.24
Europe,2018,9.43
Africa,2018,9.52
Africa,2018,9.54
Africa,2018,9.62
South-East Asia,2018,9.69
Western Pacific,2018,9.72
Eastern Mediterranean,2018,9.79
Europe,2018,9.88
Africa,2018,93.07
Americas,2017,0
Americas,2017,0
Americas,2017,0.32
Europe,2017,0.33
Americas,2017,0.67
Eastern Mediterranean,2017,1.87
Eastern Mediterranean,2017,1.98
Africa,2017,10.15
Africa,2017,10.34
Europe,2017,10.37
Europe,2017,10.38
Europe,2017,10.4
Americas,2017,10.53
Africa,2017,10.6
Europe,2017,10.77
Europe,2017,10.87
Africa,2017,10.94
Europe,2017,11.06
Europe,2017,11.2
Africa,2017,11.31
Africa,2017,11.37
Americas,2017,11.45
Europe,2017,11.66
Africa,2017,11.67
Americas,2017,11.68
Western Pacific,2017,11.79
Africa,2017,11.89
Africa,2017,12.04
Western Pacific,2017,12.14
Eastern Mediterranean,2017,12.32
Africa,2017,12.36
Europe,2017,12.44
Africa,2017,12.46
Africa,2017,12.47
South-East Asia,2017,12.48
Europe,2017,12.5
Europe,2017,12.62
Africa,2017,13.09
Africa,2017,13.11
Africa,2017,13.16
Western Pacific,2017,13.51
South-East Asia,2017,13.67
Africa,2017,13.77
Africa,2017,13.85
Europe,2017,14.29
Europe,2017,14.4
Americas,2017,14.41
Europe,2017,14.59
Western Pacific,2017,14.75
Africa,2017,14.85
Eastern Mediterranean,2017,14.87
Europe,2017,15.17
Africa,2017,15.22
Africa,2017,15.4
Africa,2017,16.15
Africa,2017,16.16
Europe,2017,16.27
Africa,2017,16.37
Africa,2017,16.67
Europe,2017,16.94
Europe,2017,17.14
Western Pacific,2017,17.81
Africa,2017,18
Europe,2017,18.46
Americas,2017,18.54
Western Pacific,2017,19.11
Western Pacific,2017,19.31
Africa,2017,2.19
Americas,2017,2.19
Americas,2017,2.24
Europe,2017,2.26
Europe,2017,2.43
Eastern Mediterranean,2017,2.5
Africa,2017,2.54
South-East Asia,2017,2.58
Western Pacific,2017,2.63
Americas,2017,2.71
Americas,2017,2.74
Eastern Mediterranean,2017,2.99
Western Pacific,2017,21.09
Europe,2017,21.19
Africa,2017,22.32
Africa,2017,23.09
Europe,2017,23.49
Europe,2017,24.41
Americas,2017,25.37
Africa,2017,25.73
Africa,2017,25.84
Africa,2017,25.85
Western Pacific,2017,28.68
Eastern Mediterranean,2017,3.01
South-East Asia,2017,3.1
South-East Asia,2017,3.11
Americas,2017,3.21
Western Pacific,2017,3.25
Europe,2017,3.28
Americas,2017,3.28
Eastern Mediterranean,2017,3.39
Western Pacific,2017,3.5
South-East Asia,2017,3.68
Europe,2017,3.79
Europe,2017,3.91
Western Pacific,2017,31.51
Americas,2017,39.86
Europe,2017,4.11
South-East Asia,2017,4.4
Americas,2017,4.5
Eastern Mediterranean,2017,4.53
Eastern Mediterranean,2017,4.61
Americas,2017,4.73
Eastern Mediterranean,2017,4.78
Western Pacific,2017,4.78
Eastern Mediterranean,2017,4.8
Europe,2017,4.83
Europe,2017,4.84
Europe,2017,4.96
Africa,2017,42.91
South-East Asia,2017,5.14
Eastern Mediterranean,2017,5.17
Europe,2017,5.29
Africa,2017,5.38
Eastern Mediterranean,2017,5.48
Western Pacific,2017,5.57
Western Pacific,2017,5.64
Eastern Mediterranean,2017,5.74
Europe,2017,5.77
Americas,2017,5.79
Eastern Mediterranean,2017,5.8
Americas,2017,5.89
Eastern Mediterranean,2017,5.95
Americas,2017,6.01
Americas,2017,6.02
Americas,2017,6.13
Americas,2017,6.16
Americas,2017,6.19
Western Pacific,2017,6.2
Europe,2017,6.23
Africa,2017,6.41
Europe,2017,6.65
Eastern Mediterranean,2017,6.73
Eastern Mediterranean,2017,6.86
Western Pacific,2017,6.89
Africa,2017,7.06
Americas,2017,7.06
Americas,2017,7.17
Europe,2017,7.23
Europe,2017,7.24
Western Pacific,2017,7.25
Eastern Mediterranean,2017,7.27
South-East Asia,2017,7.49
Western Pacific,2017,7.5
Europe,2017,7.53
Africa,2017,7.56
Americas,2017,7.71
Europe,2017,7.83
Europe,2017,7.86
Africa,2017,7.93
Africa,2017,8.04
Europe,2017,8.07
Europe,2017,8.07
Africa,2017,8.15
Europe,2017,8.28
Europe,2017,8.34
Americas,2017,8.39
Africa,2017,8.58
South-East Asia,2017,8.65
Americas,2017,8.69
Europe,2017,8.92
Americas,2017,8.96
Europe,2017,9.23
Americas,2017,9.26
Africa,2017,9.33
Europe,2017,9.33
Europe,2017,9.55
Africa,2017,9.59
Europe,2017,9.61
Africa,2017,9.62
South-East Asia,2017,9.63
Africa,2017,9.63
Africa,2017,9.83
Western Pacific,2017,9.91
Eastern Mediterranean,2017,9.98
Africa,2017,96.29
Americas,2016,0.33
Americas,2016,0.49
Americas,2016,0.67
Americas,2016,0.91
Eastern Mediterranean,2016,1.83
Eastern Mediterranean,2016,1.86
Eastern Mediterranean,2016,10.02
Western Pacific,2016,10.03
Africa,2016,10.22
Europe,2016,10.34
Americas,2016,10.37
Africa,2016,10.45
Europe,2016,10.58
Europe,2016,10.7
Africa,2016,10.83
Western Pacific,2016,10.92
Africa,2016,107.1
Africa,2016,11.06
Europe,2016,11.08
Europe,2016,11.13
Europe,2016,11.37
Europe,2016,11.48
Western Pacific,2016,11.52
Africa,2016,11.53
Americas,2016,11.64
Africa,2016,11.74
Eastern Mediterranean,2016,12.08
Africa,2016,12.09
Europe,2016,12.15
Africa,2016,12.25
Europe,2016,12.26
Africa,2016,12.29
Europe,2016,12.49
South-East Asia,2016,12.6
Africa,2016,12.61
Africa,2016,12.79
Africa,2016,12.87
Africa,2016,13.15
Europe,2016,13.26
Africa,2016,13.27
Europe,2016,13.34
Europe,2016,13.42
Americas,2016,13.65
Africa,2016,13.68
Western Pacific,2016,13.75
South-East Asia,2016,14.17
Europe,2016,14.29
Africa,2016,14.55
Eastern Mediterranean,2016,14.83
Africa,2016,14.92
Africa,2016,14.97
Europe,2016,15.02
Western Pacific,2016,15.03
Africa,2016,15.16
Africa,2016,15.97
Europe,2016,16.08
Africa,2016,16.53
Africa,2016,16.62
Africa,2016,16.71
Africa,2016,17
Europe,2016,17.15
Europe,2016,17.56
Western Pacific,2016,17.83
Africa,2016,18.3
Americas,2016,18.7
Europe,2016,19.4
Western Pacific,2016,19.82
Africa,2016,2.16
Americas,2016,2.18
Europe,2016,2.26
Americas,2016,2.29
Western Pacific,2016,2.38
Eastern Mediterranean,2016,2.45
South-East Asia,2016,2.58
Africa,2016,2.61
Americas,2016,2.66
Americas,2016,2.66
Western Pacific,2016,2.67
Eastern Mediterranean,2016,2.78
Eastern Mediterranean,2016,2.98
Western Pacific,2016,20.49
Western Pacific,2016,21
Europe,2016,22.01
Africa,2016,22.9
Africa,2016,23.4
Africa,2016,25.25
Africa,2016,25.31
Americas,2016,25.47
Europe,2016,26.21
Europe,2016,26.89
Western Pacific,2016,28.18
Africa,2016,28.7
South-East Asia,2016,3.15
South-East Asia,2016,3.33
Americas,2016,3.35
Europe,2016,3.42
Americas,2016,3.49
South-East Asia,2016,3.6
Eastern Mediterranean,2016,3.63
Western Pacific,2016,3.64
Europe,2016,3.92
Western Pacific,2016,31.38
Americas,2016,39.65
Americas,2016,4.11
Europe,2016,4.15
Europe,2016,4.17
Europe,2016,4.35
Europe,2016,4.43
South-East Asia,2016,4.45
Eastern Mediterranean,2016,4.52
Americas,2016,4.59
Western Pacific,2016,4.77
Eastern Mediterranean,2016,4.83
Eastern Mediterranean,2016,4.84
Eastern Mediterranean,2016,4.95
Eastern Mediterranean,2016,4.97
Africa,2016,46.24
Europe,2016,5.03
South-East Asia,2016,5.05
Europe,2016,5.12
Eastern Mediterranean,2016,5.33
Africa,2016,5.36
Western Pacific,2016,5.37
Europe,2016,5.38
Europe,2016,5.54
Americas,2016,5.57
Americas,2016,5.64
Americas,2016,5.67
Western Pacific,2016,5.75
Americas,2016,5.77
Eastern Mediterranean,2016,5.9
Eastern Mediterranean,2016,5.92
Eastern Mediterranean,2016,6.01
Western Pacific,2016,6.18
Americas,2016,6.21
Africa,2016,6.48
Eastern Mediterranean,2016,6.48
Europe,2016,6.57
Europe,2016,6.59
Americas,2016,6.65
Americas,2016,6.67
Americas,2016,6.77
Eastern Mediterranean,2016,6.98
Western Pacific,2016,6.99
Africa,2016,7.22
Europe,2016,7.27
Americas,2016,7.29
Western Pacific,2016,7.3
Europe,2016,7.38
Eastern Mediterranean,2016,7.41
Americas,2016,7.43
Europe,2016,7.55
Western Pacific,2016,7.58
Africa,2016,7.58
South-East Asia,2016,7.59
Africa,2016,7.62
Europe,2016,7.62
Africa,2016,7.64
Europe,2016,7.76
Americas,2016,8.06
Europe,2016,8.13
Europe,2016,8.24
Africa,2016,8.29
Africa,2016,8.32
Africa,2016,8.72
Europe,2016,8.82
Europe,2016,9.03
Americas,2016,9.06
Americas,2016,9.18
Europe,2016,9.21
Americas,2016,9.23
South-East Asia,2016,9.24
Europe,2016,9.33
Europe,2016,9.37
Africa,2016,9.47
Europe,2016,9.58
Europe,2016,9.66
South-East Asia,2016,9.68
Africa,2016,9.73
Americas,2016,9.73
Europe,2016,9.76
Africa,2016,9.78
Africa,2016,9.94
Americas,2015,0.31
Americas,2015,0.42
Americas,2015,0.62
Western Pacific,2015,1.63
Eastern Mediterranean,2015,1.85
Eastern Mediterranean,2015,1.95
Western Pacific,2015,10.01
Africa,2015,10.29
Americas,2015,10.36
Africa,2015,10.39
Europe,2015,10.49
Europe,2015,10.5
Africa,2015,10.53
Europe,2015,10.59
Africa,2015,10.64
Europe,2015,10.87
Africa,2015,11.04
Western Pacific,2015,11.13
Americas,2015,11.16
Europe,2015,11.39
Europe,2015,11.48
Europe,2015,11.69
Western Pacific,2015,11.81
Africa,2015,11.81
Eastern Mediterranean,2015,11.89
Americas,2015,11.97
Africa,2015,114.5
Africa,2015,12.02
Europe,2015,12.15
Europe,2015,12.15
Africa,2015,12.27
Africa,2015,12.46
Africa,2015,12.59
Africa,2015,12.75
Americas,2015,12.86
South-East Asia,2015,12.92
Africa,2015,12.99
Europe,2015,13.02
Africa,2015,13.08
Europe,2015,13.15
Europe,2015,13.17
Africa,2015,13.27
Europe,2015,13.36
Africa,2015,13.38
Europe,2015,13.68
Africa,2015,13.97
Europe,2015,14.41
Europe,2015,14.6
South-East Asia,2015,14.7
Europe,2015,14.75
Western Pacific,2015,14.89
Western Pacific,2015,14.94
Eastern Mediterranean,2015,15.03
Africa,2015,15.17
Africa,2015,15.33
Africa,2015,15.44
Africa,2015,16.29
Europe,2015,16.35
Americas,2015,16.66
Africa,2015,16.69
Africa,2015,16.73
Africa,2015,17.09
Europe,2015,17.14
Africa,2015,17.26
Africa,2015,17.71
Europe,2015,17.87
Western Pacific,2015,17.94
Africa,2015,18.69
Europe,2015,19.55
Western Pacific,2015,19.68
Americas,2015,2.17
Africa,2015,2.18
Europe,2015,2.26
Americas,2015,2.37
Eastern Mediterranean,2015,2.4
South-East Asia,2015,2.57
Western Pacific,2015,2.71
Africa,2015,2.72
Americas,2015,2.77
Eastern Mediterranean,2015,2.87
South-East Asia,2015,2.95
Americas,2015,2.95
Western Pacific,2015,21.18
Western Pacific,2015,21.2
Europe,2015,23.42
Africa,2015,23.97
Africa,2015,24.55
Africa,2015,25.55
Americas,2015,25.91
Africa,2015,26.31
Europe,2015,27.87
Western Pacific,2015,28.37
Europe,2015,28.93
Eastern Mediterranean,2015,3.03
Americas,2015,3.31
South-East Asia,2015,3.34
Americas,2015,3.42
South-East Asia,2015,3.64
Western Pacific,2015,3.65
Eastern Mediterranean,2015,3.72
Europe,2015,3.78
Europe,2015,3.99
Africa,2015,30.74
Western Pacific,2015,31.59
Americas,2015,39.3
Americas,2015,4.04
Europe,2015,4.17
Europe,2015,4.23
South-East Asia,2015,4.38
Europe,2015,4.45
Americas,2015,4.47
Americas,2015,4.57
Eastern Mediterranean,2015,4.7
Europe,2015,4.7
Europe,2015,4.83
Eastern Mediterranean,2015,4.85
Eastern Mediterranean,2015,4.89
Africa,2015,49.19
South-East Asia,2015,5.16
Europe,2015,5.19
Western Pacific,2015,5.22
Eastern Mediterranean,2015,5.25
Western Pacific,2015,5.3
Africa,2015,5.33
Eastern Mediterranean,2015,5.4
Eastern Mediterranean,2015,5.48
Americas,2015,5.6
Americas,2015,5.6
Europe,2015,5.64
Western Pacific,2015,5.75
Americas,2015,5.85
Eastern Mediterranean,2015,5.95
Eastern Mediterranean,2015,5.96
Eastern Mediterranean,2015,5.99
Western Pacific,2015,6.2
Eastern Mediterranean,2015,6.32
Americas,2015,6.4
Africa,2015,6.41
Americas,2015,6.41
Europe,2015,6.55
Europe,2015,6.62
Europe,2015,6.77
Americas,2015,6.78
Eastern Mediterranean,2015,6.8
Americas,2015,6.84
Americas,2015,6.87
Western Pacific,2015,7.08
South-East Asia,2015,7.15
Americas,2015,7.2
Europe,2015,7.28
Africa,2015,7.31
Africa,2015,7.51
Western Pacific,2015,7.56
Western Pacific,2015,7.61
Eastern Mediterranean,2015,7.63
Africa,2015,7.65
Africa,2015,7.71
Europe,2015,7.81
Americas,2015,7.89
Europe,2015,8.07
Americas,2015,8.1
Africa,2015,8.23
Europe,2015,8.31
Europe,2015,8.33
Africa,2015,8.46
Europe,2015,8.71
Europe,2015,8.79
Africa,2015,8.8
Americas,2015,8.88
Europe,2015,9
Europe,2015,9.06
Americas,2015,9.17
Europe,2015,9.2
Europe,2015,9.31
South-East Asia,2015,9.47
Africa,2015,9.53
Americas,2015,9.54
Europe,2015,9.57
Europe,2015,9.8
South-East Asia,2015,9.83
Africa,2015,9.89
Eastern Mediterranean,2015,9.96
Africa,2015,9.98
Americas,2014,0.32
Americas,2014,0.44
Americas,2014,0.45
Americas,2014,1.37
Western Pacific,2014,1.7
Eastern Mediterranean,2014,1.86
Europe,2014,10.01
Europe,2014,10.02
Africa,2014,10.02
Europe,2014,10.06
Europe,2014,10.06
Africa,2014,10.07
Americas,2014,10.23
Western Pacific,2014,10.27
Europe,2014,10.5
Africa,2014,10.58
Western Pacific,2014,10.59
Africa,2014,10.65
Americas,2014,10.86
Africa,2014,10.95
Africa,2014,11.08
Western Pacific,2014,11.31
Africa,2014,11.4
Europe,2014,11.45
Europe,2014,11.48
Europe,2014,11.7
Africa,2014,11.97
Africa,2014,116.2
Americas,2014,12
Europe,2014,12.02
Europe,2014,12.04
Eastern Mediterranean,2014,12.19
Europe,2014,12.28
Europe,2014,12.4
Americas,2014,12.4
Africa,2014,12.4
Africa,2014,12.57
South-East Asia,2014,12.72
Africa,2014,12.77
Africa,2014,12.97
Africa,2014,13.14
Africa,2014,13.14
South-East Asia,2014,13.49
Africa,2014,13.53
Europe,2014,13.65
Africa,2014,13.65
Africa,2014,14.13
Africa,2014,14.22
Europe,2014,14.36
Europe,2014,14.37
Europe,2014,14.47
Europe,2014,14.5
Africa,2014,14.6
Western Pacific,2014,14.92
Europe,2014,14.96
Europe,2014,15.13
Eastern Mediterranean,2014,15.16
Africa,2014,15.32
Africa,2014,15.39
Africa,2014,15.66
Americas,2014,15.77
Western Pacific,2014,15.78
Europe,2014,16.16
Europe,2014,16.35
Africa,2014,16.91
Europe,2014,17.18
Africa,2014,17.41
Africa,2014,17.74
Africa,2014,17.94
Western Pacific,2014,18.1
Africa,2014,18.55
Africa,2014,18.87
Western Pacific,2014,19.6
Eastern Mediterranean,2014,2.06
Americas,2014,2.18
Africa,2014,2.24
Americas,2014,2.26
Europe,2014,2.3
Eastern Mediterranean,2014,2.38
South-East Asia,2014,2.62
Western Pacific,2014,2.69
Africa,2014,2.78
Eastern Mediterranean,2014,2.84
South-East Asia,2014,2.88
Americas,2014,2.98
Europe,2014,20.39
Western Pacific,2014,21.14
Europe,2014,21.59
Western Pacific,2014,22.42
Europe,2014,24.23
Africa,2014,24.68
Africa,2014,25.28
Africa,2014,25.35
Americas,2014,25.94
Western Pacific,2014,27.41
Africa,2014,27.59
Europe,2014,29.37
Europe,2014,29.44
Eastern Mediterranean,2014,3.1
Americas,2014,3.28
South-East Asia,2014,3.41
Western Pacific,2014,3.62
Eastern Mediterranean,2014,3.69
Americas,2014,3.69
South-East Asia,2014,3.73
Africa,2014,30.83
Western Pacific,2014,31.62
Americas,2014,39.52
Europe,2014,4.04
Americas,2014,4.07
Europe,2014,4.1
Americas,2014,4.15
South-East Asia,2014,4.24
Europe,2014,4.52
Europe,2014,4.63
Eastern Mediterranean,2014,4.68
Europe,2014,4.77
Americas,2014,4.95
Eastern Mediterranean,2014,4.99
Eastern Mediterranean,2014,5.02
Europe,2014,5.03
Europe,2014,5.03
Western Pacific,2014,5.1
Europe,2014,5.11
South-East Asia,2014,5.19
Western Pacific,2014,5.35
Americas,2014,5.35
Africa,2014,5.4
Americas,2014,5.4
Eastern Mediterranean,2014,5.49
Eastern Mediterranean,2014,5.6
Americas,2014,5.72
Western Pacific,2014,5.8
Americas,2014,5.95
Americas,2014,5.96
Africa,2014,54.63
Eastern Mediterranean,2014,6.02
Eastern Mediterranean,2014,6.06
Eastern Mediterranean,2014,6.06
Western Pacific,2014,6.17
Europe,2014,6.21
Africa,2014,6.22
Eastern Mediterranean,2014,6.3
Europe,2014,6.33
Eastern Mediterranean,2014,6.37
Americas,2014,6.41
Americas,2014,6.59
South-East Asia,2014,6.87
Americas,2014,6.89
Eastern Mediterranean,2014,7.03
Americas,2014,7.04
Europe,2014,7.11
Europe,2014,7.13
Western Pacific,2014,7.35
Europe,2014,7.43
Africa,2014,7.52
Africa,2014,7.59
Western Pacific,2014,7.64
Europe,2014,7.64
Eastern Mediterranean,2014,7.9
Europe,2014,8.2
Western Pacific,2014,8.22
Americas,2014,8.23
Africa,2014,8.25
Africa,2014,8.46
Europe,2014,8.58
Africa,2014,8.65
Africa,2014,8.87
Americas,2014,8.9
Europe,2014,8.97
Europe,2014,9.03
Europe,2014,9.09
South-East Asia,2014,9.13
Americas,2014,9.13
Americas,2014,9.16
Europe,2014,9.19
Europe,2014,9.23
Europe,2014,9.28
Africa,2014,9.79
Americas,2014,9.83
Africa,2014,9.85
South-East Asia,2014,9.93
Eastern Mediterranean,2014,9.96
Americas,2013,0
Americas,2013,0.097
Americas,2013,1.12
Western Pacific,2013,1.82
Eastern Mediterranean,2013,1.89
Africa,2013,10.13
Americas,2013,10.14
Americas,2013,10.19
Western Pacific,2013,10.24
South-East Asia,2013,10.26
Europe,2013,10.29
Africa,2013,10.43
Europe,2013,10.5
Western Pacific,2013,10.51
Americas,2013,10.64
Africa,2013,10.66
Europe,2013,10.7
Africa,2013,10.71
Africa,2013,11.35
Europe,2013,11.42
Europe,2013,11.45
Western Pacific,2013,11.56
Africa,2013,11.57
Africa,2013,111.4
Americas,2013,12.03
Americas,2013,12.04
Africa,2013,12.12
Eastern Mediterranean,2013,12.13
Europe,2013,12.31
Africa,2013,12.38
Europe,2013,12.45
Europe,2013,12.5
Europe,2013,12.77
Africa,2013,12.77
Africa,2013,12.79
Europe,2013,13.03
Europe,2013,13.04
Africa,2013,13.04
Africa,2013,13.2
Africa,2013,13.57
Africa,2013,13.75
Africa,2013,13.76
Africa,2013,13.84
Western Pacific,2013,14.12
Americas,2013,14.16
Africa,2013,14.16
Africa,2013,14.38
Europe,2013,14.4
South-East Asia,2013,14.45
Africa,2013,14.49
Africa,2013,14.79
Europe,2013,14.9
South-East Asia,2013,14.98
Europe,2013,15.04
Europe,2013,15.06
Africa,2013,15.13
Eastern Mediterranean,2013,15.2
Europe,2013,15.38
Africa,2013,16.09
Europe,2013,16.14
Europe,2013,16.16
Europe,2013,16.34
Western Pacific,2013,16.69
Europe,2013,16.7
Africa,2013,17.46
Africa,2013,17.79
Africa,2013,17.91
Western Pacific,2013,18.19
Europe,2013,18.66
Africa,2013,18.71
Africa,2013,19.24
Africa,2013,19.45
Eastern Mediterranean,2013,2.01
Americas,2013,2.01
Africa,2013,2.19
Europe,2013,2.27
Eastern Mediterranean,2013,2.34
Americas,2013,2.61
South-East Asia,2013,2.69
South-East Asia,2013,2.8
Africa,2013,2.85
Western Pacific,2013,2.88
Western Pacific,2013,20.43
Western Pacific,2013,21.76
Europe,2013,22.82
Western Pacific,2013,23.84
Africa,2013,25.12
Africa,2013,26.01
Europe,2013,26.16
Americas,2013,26.54
Africa,2013,26.95
Western Pacific,2013,27.4
Africa,2013,27.75
Europe,2013,29.13
Eastern Mediterranean,2013,3.01
Eastern Mediterranean,2013,3.17
Americas,2013,3.17
Americas,2013,3.19
Western Pacific,2013,3.43
South-East Asia,2013,3.46
Americas,2013,3.54
Americas,2013,3.62
Americas,2013,3.74
Eastern Mediterranean,2013,3.77
South-East Asia,2013,3.8
Americas,2013,3.9
Europe,2013,3.96
Africa,2013,31.4
Western Pacific,2013,32.34
Europe,2013,33.97
Europe,2013,4.19
South-East Asia,2013,4.23
Eastern Mediterranean,2013,4.78
Eastern Mediterranean,2013,4.79
Europe,2013,4.84
Western Pacific,2013,4.9
Americas,2013,40.71
Europe,2013,5.04
Europe,2013,5.06
Americas,2013,5.07
Europe,2013,5.1
Eastern Mediterranean,2013,5.11
South-East Asia,2013,5.2
Western Pacific,2013,5.27
Europe,2013,5.27
Americas,2013,5.28
Eastern Mediterranean,2013,5.3
Europe,2013,5.31
Americas,2013,5.41
Africa,2013,5.43
Eastern Mediterranean,2013,5.7
Americas,2013,5.87
Europe,2013,5.9
Eastern Mediterranean,2013,5.91
Western Pacific,2013,5.96
Americas,2013,6.06
Eastern Mediterranean,2013,6.1
Eastern Mediterranean,2013,6.15
Europe,2013,6.16
Eastern Mediterranean,2013,6.17
Eastern Mediterranean,2013,6.31
Western Pacific,2013,6.33
Americas,2013,6.42
Africa,2013,6.47
South-East Asia,2013,6.59
Americas,2013,6.67
Americas,2013,6.72
Americas,2013,6.83
Americas,2013,6.87
Africa,2013,62.02
Eastern Mediterranean,2013,7.11
Africa,2013,7.3
Europe,2013,7.35
Europe,2013,7.42
Western Pacific,2013,7.53
Western Pacific,2013,7.65
Americas,2013,7.69
Europe,2013,7.71
Africa,2013,7.77
Europe,2013,7.98
Africa,2013,8.01
Europe,2013,8.05
Europe,2013,8.17
Europe,2013,8.23
Eastern Mediterranean,2013,8.24
Americas,2013,8.45
Western Pacific,2013,8.49
Africa,2013,8.5
Africa,2013,8.51
Africa,2013,8.64
Africa,2013,8.75
Europe,2013,8.83
Europe,2013,8.92
Europe,2013,8.98
South-East Asia,2013,9.12
Americas,2013,9.15
Europe,2013,9.22
Europe,2013,9.47
Americas,2013,9.68
Africa,2013,9.79
Europe,2013,9.86
Europe,2013,9.92
Eastern Mediterranean,2013,9.98
Americas,2012,0
Americas,2012,0.21
Americas,2012,1.64
Eastern Mediterranean,2012,1.89
Eastern Mediterranean,2012,1.96
Americas,2012,10.07
Europe,2012,10.21
Americas,2012,10.26
Europe,2012,10.34
Western Pacific,2012,10.48
Europe,2012,10.49
Western Pacific,2012,10.5
Africa,2012,10.56
Africa,2012,10.58
South-East Asia,2012,10.59
Americas,2012,10.74
Africa,2012,10.8
Africa,2012,102
Africa,2012,11.34
Europe,2012,11.67
Africa,2012,11.67
Europe,2012,11.78
Africa,2012,11.84
Eastern Mediterranean,2012,11.9
Europe,2012,11.92
Americas,2012,12.06
Americas,2012,12.18
Africa,2012,12.2
Europe,2012,12.25
Western Pacific,2012,12.35
Europe,2012,12.53
Africa,2012,12.91
Africa,2012,12.99
Africa,2012,13.01
Europe,2012,13.05
Europe,2012,13.11
Africa,2012,13.23
Europe,2012,13.28
Europe,2012,13.36
Africa,2012,13.7
Africa,2012,13.94
Africa,2012,13.97
Africa,2012,14.09
Africa,2012,14.16
Africa,2012,14.5
Europe,2012,14.61
Africa,2012,14.69
Western Pacific,2012,14.75
Europe,2012,14.91
South-East Asia,2012,15.07
Eastern Mediterranean,2012,15.28
Europe,2012,15.29
Africa,2012,15.5
Africa,2012,15.53
Africa,2012,15.6
Europe,2012,15.9
Americas,2012,16.1
Africa,2012,16.11
South-East Asia,2012,16.4
Europe,2012,16.42
Western Pacific,2012,17.02
Europe,2012,17.06
Europe,2012,17.15
Africa,2012,17.98
Africa,2012,18.02
Europe,2012,18.37
Western Pacific,2012,18.39
Africa,2012,18.52
Europe,2012,19.02
Africa,2012,19.15
Europe,2012,19.39
Africa,2012,19.73
Africa,2012,19.74
Americas,2012,2.09
Western Pacific,2012,2.18
Africa,2012,2.24
Europe,2012,2.24
Eastern Mediterranean,2012,2.31
South-East Asia,2012,2.76
Western Pacific,2012,2.85
South-East Asia,2012,2.88
Africa,2012,2.89
Eastern Mediterranean,2012,2.99
Western Pacific,2012,20.99
Western Pacific,2012,21.94
Western Pacific,2012,24.01
Africa,2012,24.63
Europe,2012,24.63
Africa,2012,26.54
Africa,2012,26.64
Americas,2012,26.82
Europe,2012,27.33
Western Pacific,2012,27.58
Africa,2012,28.99
Europe,2012,29.22
Europe,2012,29.83
Eastern Mediterranean,2012,3.24
Americas,2012,3.32
Americas,2012,3.41
Western Pacific,2012,3.45
South-East Asia,2012,3.54
Americas,2012,3.58
Europe,2012,3.73
Americas,2012,3.75
Americas,2012,3.81
Eastern Mediterranean,2012,3.83
Americas,2012,3.95
Western Pacific,2012,32.04
Africa,2012,33.07
Americas,2012,37.62
South-East Asia,2012,4
South-East Asia,2012,4.28
Europe,2012,4.31
Americas,2012,4.7
Europe,2012,4.82
Eastern Mediterranean,2012,4.85
Americas,2012,4.86
Europe,2012,4.9
Americas,2012,4.95
Europe,2012,5.08
Eastern Mediterranean,2012,5.09
Europe,2012,5.1
Western Pacific,2012,5.17
South-East Asia,2012,5.22
Western Pacific,2012,5.25
Americas,2012,5.29
Americas,2012,5.31
Europe,2012,5.36
Africa,2012,5.53
Eastern Mediterranean,2012,5.55
Eastern Mediterranean,2012,5.58
Europe,2012,5.63
Americas,2012,5.8
Eastern Mediterranean,2012,5.83
Europe,2012,5.99
Western Pacific,2012,6.12
Eastern Mediterranean,2012,6.13
Eastern Mediterranean,2012,6.16
Eastern Mediterranean,2012,6.24
Americas,2012,6.34
Europe,2012,6.39
Western Pacific,2012,6.4
Eastern Mediterranean,2012,6.41
Eastern Mediterranean,2012,6.44
Africa,2012,6.71
Americas,2012,6.9
Americas,2012,6.97
Africa,2012,66.26
Americas,2012,7.01
South-East Asia,2012,7.03
Eastern Mediterranean,2012,7.21
Africa,2012,7.33
Americas,2012,7.35
Europe,2012,7.36
Europe,2012,7.36
Western Pacific,2012,7.52
Europe,2012,7.65
Europe,2012,8.11
Western Pacific,2012,8.14
Europe,2012,8.15
Americas,2012,8.21
Africa,2012,8.33
Africa,2012,8.45
Europe,2012,8.48
Africa,2012,8.62
Africa,2012,8.73
Africa,2012,8.73
Europe,2012,8.75
Americas,2012,8.86
Europe,2012,8.88
Europe,2012,8.95
Americas,2012,8.96
Europe,2012,8.98
Europe,2012,8.98
South-East Asia,2012,9.09
Eastern Mediterranean,2012,9.15
Western Pacific,2012,9.16
Africa,2012,9.23
Europe,2012,9.82
Americas,2012,9.86
Africa,2012,9.89
Europe,2012,9.94
Eastern Mediterranean,2012,9.97
Americas,2011,0.16
Americas,2011,0.64
Americas,2011,1.57
Western Pacific,2011,1.66
Eastern Mediterranean,2011,1.8
Eastern Mediterranean,2011,1.98
Americas,2011,10.01
Eastern Mediterranean,2011,10.02
Western Pacific,2011,10.06
Africa,2011,10.15
Western Pacific,2011,10.33
Europe,2011,10.41
Africa,2011,10.44
Europe,2011,10.51
Europe,2011,10.69
South-East Asia,2011,10.73
Africa,2011,10.93
Africa,2011,10.96
Western Pacific,2011,10.99
Americas,2011,11
Americas,2011,11.13
Africa,2011,11.74
Europe,2011,11.76
Africa,2011,11.77
Europe,2011,11.83
Eastern Mediterranean,2011,11.84
Europe,2011,11.85
Europe,2011,12
Americas,2011,12.01
Africa,2011,12.12
Europe,2011,12.25
Europe,2011,12.28
Africa,2011,12.38
Americas,2011,12.46
Africa,2011,12.78
Europe,2011,12.9
Africa,2011,13.11
Europe,2011,13.17
Europe,2011,13.25
Africa,2011,13.32
Africa,2011,13.49
Europe,2011,13.59
Africa,2011,14.14
Africa,2011,14.47
Africa,2011,14.51
Africa,2011,14.59
Europe,2011,14.75
Western Pacific,2011,14.79
Europe,2011,14.98
Americas,2011,15.02
Africa,2011,15.08
Africa,2011,15.3
Eastern Mediterranean,2011,15.32
Europe,2011,15.46
South-East Asia,2011,15.5
Africa,2011,15.65
Europe,2011,15.68
Africa,2011,15.78
Africa,2011,15.89
Africa,2011,16.14
Africa,2011,16.64
Europe,2011,16.71
Europe,2011,17.02
South-East Asia,2011,17.85
Africa,2011,18.12
Europe,2011,18.15
Africa,2011,18.21
Western Pacific,2011,18.43
Western Pacific,2011,18.54
Europe,2011,18.95
Europe,2011,18.95
Africa,2011,19.41
Africa,2011,19.61
Africa,2011,19.82
Africa,2011,2.11
Eastern Mediterranean,2011,2.24
Americas,2011,2.28
Europe,2011,2.28
Americas,2011,2.59
South-East Asia,2011,2.85
South-East Asia,2011,2.88
Africa,2011,2.94
Africa,2011,20.16
Western Pacific,2011,21.76
Western Pacific,2011,21.87
Africa,2011,24.43
Africa,2011,25.86
Americas,2011,26.02
Western Pacific,2011,27.52
Africa,2011,27.57
Western Pacific,2011,27.89
Europe,2011,28.29
Africa,2011,29.09
Eastern Mediterranean,2011,3.06
Eastern Mediterranean,2011,3.29
Western Pacific,2011,3.29
Western Pacific,2011,3.37
Americas,2011,3.45
Europe,2011,3.51
South-East Asia,2011,3.67
Americas,2011,3.67
Eastern Mediterranean,2011,3.69
Europe,2011,3.7
Americas,2011,3.77
Americas,2011,3.81
Americas,2011,3.95
Europe,2011,30.16
Europe,2011,31.1
Europe,2011,31.85
Western Pacific,2011,32.85
Africa,2011,34.3
Americas,2011,35.31
South-East Asia,2011,4.3
South-East Asia,2011,4.34
Europe,2011,4.44
Americas,2011,4.68
Eastern Mediterranean,2011,4.98
Europe,2011,5.06
Europe,2011,5.1
Europe,2011,5.13
Americas,2011,5.19
South-East Asia,2011,5.21
Western Pacific,2011,5.21
Western Pacific,2011,5.24
Eastern Mediterranean,2011,5.28
Africa,2011,5.34
Americas,2011,5.36
Americas,2011,5.4
Europe,2011,5.45
Eastern Mediterranean,2011,5.47
Americas,2011,5.5
Eastern Mediterranean,2011,5.52
Europe,2011,5.73
Europe,2011,5.74
Europe,2011,5.91
Americas,2011,5.94
Eastern Mediterranean,2011,6.14
Eastern Mediterranean,2011,6.2
Western Pacific,2011,6.22
Eastern Mediterranean,2011,6.24
Eastern Mediterranean,2011,6.29
Eastern Mediterranean,2011,6.42
Africa,2011,6.61
Western Pacific,2011,6.66
Americas,2011,6.7
Eastern Mediterranean,2011,6.88
Americas,2011,6.89
Africa,2011,65.99
Americas,2011,7.05
South-East Asia,2011,7.17
Eastern Mediterranean,2011,7.2
Europe,2011,7.2
Western Pacific,2011,7.39
Europe,2011,7.42
Africa,2011,7.46
Europe,2011,7.63
Americas,2011,7.63
Europe,2011,7.82
Western Pacific,2011,7.86
Europe,2011,7.9
Americas,2011,7.92
Europe,2011,7.94
Americas,2011,8.02
Europe,2011,8.35
Europe,2011,8.4
Americas,2011,8.42
Africa,2011,8.53
Africa,2011,8.56
Europe,2011,8.57
Africa,2011,8.65
Africa,2011,8.68
Africa,2011,8.84
Western Pacific,2011,8.84
Americas,2011,9.2
South-East Asia,2011,9.24
Europe,2011,9.25
Africa,2011,9.32
Europe,2011,9.32
Eastern Mediterranean,2011,9.49
Americas,2011,9.63
Europe,2011,9.67
Europe,2011,9.86
Africa,2011,91.07
Americas,2010,0.13
Americas,2010,0.73
Western Pacific,2010,1.14
Americas,2010,1.22
Eastern Mediterranean,2010,1.81
Americas,2010,1.97
Western Pacific,2010,10.12
Eastern Mediterranean,2010,10.16
Africa,2010,10.18
Americas,2010,10.18
Americas,2010,10.26
Africa,2010,10.39
Western Pacific,2010,10.41
South-East Asia,2010,10.52
Europe,2010,10.54
Americas,2010,10.59
Africa,2010,10.64
Europe,2010,10.71
Europe,2010,10.89
Americas,2010,11.01
Europe,2010,11.14
Europe,2010,11.17
Americas,2010,11.45
Africa,2010,11.5
Americas,2010,11.72
Eastern Mediterranean,2010,11.72
Europe,2010,11.79
Africa,2010,11.85
Europe,2010,11.93
Europe,2010,12.01
Western Pacific,2010,12.02
Africa,2010,12.16
Europe,2010,12.21
Africa,2010,12.37
Europe,2010,12.39
Europe,2010,12.42
Africa,2010,12.47
Africa,2010,13.1
Europe,2010,13.2
Americas,2010,13.2
Africa,2010,13.26
Africa,2010,13.5
Europe,2010,13.89
Africa,2010,14.14
Africa,2010,14.21
Americas,2010,14.26
Africa,2010,14.64
Western Pacific,2010,14.83
Africa,2010,14.92
Africa,2010,15.27
Eastern Mediterranean,2010,15.38
Africa,2010,15.39
Europe,2010,15.42
Europe,2010,15.51
South-East Asia,2010,15.56
Europe,2010,15.56
Africa,2010,15.77
Africa,2010,15.79
Africa,2010,15.82
Africa,2010,15.97
Africa,2010,16.03
Europe,2010,16.44
Europe,2010,16.52
Europe,2010,16.52
Europe,2010,17.64
Africa,2010,17.99
Africa,2010,18.2
Africa,2010,18.44
Europe,2010,18.59
Western Pacific,2010,18.6
Western Pacific,2010,18.81
Europe,2010,19.17
Africa,2010,19.51
Africa,2010,19.71
Eastern Mediterranean,2010,2.02
Africa,2010,2.18
Eastern Mediterranean,2010,2.43
Europe,2010,2.47
Americas,2010,2.66
Europe,2010,2.72
Americas,2010,2.88
Western Pacific,2010,2.89
South-East Asia,2010,2.92
Africa,2010,20.01
Europe,2010,20.17
Africa,2010,20.53
South-East Asia,2010,21.87
Western Pacific,2010,22.15
Western Pacific,2010,22.4
Africa,2010,25.31
Africa,2010,26.92
Western Pacific,2010,26.99
Americas,2010,27.42
Western Pacific,2010,27.98
Africa,2010,28.12
Europe,2010,29.41
Europe,2010,29.89
Africa,2010,3
Eastern Mediterranean,2010,3.04
South-East Asia,2010,3.05
Western Pacific,2010,3.29
Eastern Mediterranean,2010,3.37
Americas,2010,3.6
Eastern Mediterranean,2010,3.62
Americas,2010,3.63
Americas,2010,3.66
South-East Asia,2010,3.75
Americas,2010,3.82
Americas,2010,3.85
Africa,2010,31.2
Europe,2010,31.32
Western Pacific,2010,32.65
Europe,2010,33.01
Africa,2010,35.01
Americas,2010,36.37
South-East Asia,2010,4.15
Americas,2010,4.33
Europe,2010,4.53
Europe,2010,4.63
Americas,2010,4.66
South-East Asia,2010,4.82
Europe,2010,4.82
Europe,2010,4.98
Americas,2010,5
Europe,2010,5.05
Eastern Mediterranean,2010,5.15
South-East Asia,2010,5.24
Western Pacific,2010,5.3
Eastern Mediterranean,2010,5.34
Western Pacific,2010,5.34
Americas,2010,5.37
Americas,2010,5.38
Eastern Mediterranean,2010,5.44
Africa,2010,5.49
Eastern Mediterranean,2010,5.66
Eastern Mediterranean,2010,5.78
Europe,2010,5.82
Europe,2010,5.86
Eastern Mediterranean,2010,6.1
Western Pacific,2010,6.34
Eastern Mediterranean,2010,6.39
Americas,2010,6.4
Eastern Mediterranean,2010,6.42
Europe,2010,6.56
Europe,2010,6.63
Africa,2010,6.64
Eastern Mediterranean,2010,6.67
Americas,2010,6.76
Western Pacific,2010,6.8
Europe,2010,6.95
Europe,2010,6.98
Americas,2010,7
Eastern Mediterranean,2010,7.16
South-East Asia,2010,7.29
Western Pacific,2010,7.3
Eastern Mediterranean,2010,7.35
Africa,2010,7.37
Africa,2010,7.42
Europe,2010,7.63
Americas,2010,7.63
Africa,2010,70.49
Europe,2010,8.06
Americas,2010,8.18
Western Pacific,2010,8.23
Europe,2010,8.3
Europe,2010,8.3
Americas,2010,8.43
Europe,2010,8.45
Europe,2010,8.65
Americas,2010,8.66
Africa,2010,8.68
Africa,2010,8.69
Africa,2010,8.79
Europe,2010,8.83
Europe,2010,8.92
Africa,2010,86.89
Africa,2010,9.01
South-East Asia,2010,9.19
Europe,2010,9.5
Eastern Mediterranean,2010,9.53
Western Pacific,2010,9.59
Europe,2010,9.62
Africa,2010,9.81
Americas,2009,0
Americas,2009,0.52
Americas,2009,1.13
Western Pacific,2009,1.58
Eastern Mediterranean,2009,1.79
Western Pacific,2009,10.01
Europe,2009,10.04
Western Pacific,2009,10.09
Western Pacific,2009,10.16
Africa,2009,10.21
Africa,2009,10.23
Americas,2009,10.24
Eastern Mediterranean,2009,10.3
Americas,2009,10.42
South-East Asia,2009,10.46
Europe,2009,10.54
Africa,2009,10.57
Americas,2009,10.76
Africa,2009,10.88
Western Pacific,2009,10.94
Americas,2009,11.08
Europe,2009,11.37
Americas,2009,11.42
Eastern Mediterranean,2009,11.47
Europe,2009,11.83
Africa,2009,11.88
Europe,2009,11.89
Africa,2009,11.93
Africa,2009,12.06
Europe,2009,12.1
Americas,2009,12.12
Africa,2009,12.13
Africa,2009,12.39
Americas,2009,12.76
Europe,2009,12.82
Europe,2009,12.88
Western Pacific,2009,13.01
Africa,2009,13.03
Europe,2009,13.09
Europe,2009,13.24
Europe,2009,13.3
Americas,2009,13.37
Africa,2009,13.64
Africa,2009,13.65
Africa,2009,13.67
Africa,2009,13.89
Europe,2009,14.08
Africa,2009,14.24
Europe,2009,14.8
Africa,2009,15.22
Africa,2009,15.48
South-East Asia,2009,15.59
Africa,2009,15.64
Africa,2009,15.7
Africa,2009,15.8
Africa,2009,15.87
Africa,2009,15.89
Eastern Mediterranean,2009,15.95
Europe,2009,16.11
Africa,2009,16.3
Europe,2009,16.71
Europe,2009,16.78
Europe,2009,17.07
Europe,2009,17.23
Europe,2009,17.89
Africa,2009,18.42
Africa,2009,18.44
Africa,2009,18.47
Western Pacific,2009,18.7
Africa,2009,19.02
Europe,2009,19.21
Africa,2009,19.41
Western Pacific,2009,19.49
Europe,2009,19.54
Africa,2009,19.97
Eastern Mediterranean,2009,2.09
Africa,2009,2.25
Americas,2009,2.39
Europe,2009,2.47
Eastern Mediterranean,2009,2.68
Americas,2009,2.69
Americas,2009,2.72
Western Pacific,2009,2.78
Europe,2009,2.87
South-East Asia,2009,2.98
Africa,2009,20.86
Europe,2009,21.67
Europe,2009,21.81
Western Pacific,2009,22.48
Western Pacific,2009,22.69
South-East Asia,2009,22.72
Africa,2009,24.64
Americas,2009,26.53
Western Pacific,2009,27.02
Africa,2009,28.53
Western Pacific,2009,28.78
Africa,2009,29.24
Europe,2009,29.61
Eastern Mediterranean,2009,3.04
Africa,2009,3.15
Western Pacific,2009,3.15
South-East Asia,2009,3.29
Americas,2009,3.39
Americas,2009,3.4
Eastern Mediterranean,2009,3.43
Americas,2009,3.44
Eastern Mediterranean,2009,3.55
South-East Asia,2009,3.88
Europe,2009,3.99
Europe,2009,30.41
Africa,2009,32.13
Western Pacific,2009,32.95
Europe,2009,33.09
Europe,2009,33.32
Africa,2009,35.24
Americas,2009,36.31
Europe,2009,4.06
Americas,2009,4.15
South-East Asia,2009,4.41
Europe,2009,4.64
Americas,2009,4.74
Americas,2009,4.81
Europe,2009,4.87
Europe,2009,4.9
Western Pacific,2009,5.06
South-East Asia,2009,5.06
Americas,2009,5.06
Eastern Mediterranean,2009,5.13
Americas,2009,5.19
Eastern Mediterranean,2009,5.22
Eastern Mediterranean,2009,5.23
South-East Asia,2009,5.38
Americas,2009,5.47
Western Pacific,2009,5.47
Americas,2009,5.55
Africa,2009,5.56
Europe,2009,5.62
Americas,2009,5.63
Eastern Mediterranean,2009,5.65
Eastern Mediterranean,2009,5.71
Europe,2009,5.91
Eastern Mediterranean,2009,6.02
Europe,2009,6.12
Western Pacific,2009,6.39
Eastern Mediterranean,2009,6.58
Africa,2009,6.71
Eastern Mediterranean,2009,6.73
Eastern Mediterranean,2009,6.84
Americas,2009,6.99
Western Pacific,2009,6.99
Americas,2009,7.02
Europe,2009,7.15
South-East Asia,2009,7.27
Africa,2009,7.29
Western Pacific,2009,7.31
Europe,2009,7.36
Americas,2009,7.48
Eastern Mediterranean,2009,7.63
Eastern Mediterranean,2009,7.65
Europe,2009,7.78
Europe,2009,7.96
Africa,2009,75.15
Europe,2009,8.11
Europe,2009,8.22
Americas,2009,8.35
Europe,2009,8.51
Europe,2009,8.54
Africa,2009,8.55
Africa,2009,8.58
Africa,2009,8.6
Europe,2009,8.65
Africa,2009,8.87
Europe,2009,8.9
Americas,2009,8.95
Africa,2009,8.97
Africa,2009,84.63
Western Pacific,2009,9.03
South-East Asia,2009,9.13
Europe,2009,9.13
Americas,2009,9.46
Europe,2009,9.6
Eastern Mediterranean,2009,9.66
Europe,2009,9.81
Americas,2008,0.25
Americas,2008,0.72
Eastern Mediterranean,2008,1.81
Western Pacific,2008,1.81
Europe,2008,10.04
Africa,2008,10.14
Western Pacific,2008,10.2
South-East Asia,2008,10.21
Africa,2008,10.3
Americas,2008,10.39
Western Pacific,2008,10.45
Europe,2008,10.5
Eastern Mediterranean,2008,10.54
Western Pacific,2008,10.59
Europe,2008,10.63
Europe,2008,10.81
Americas,2008,10.83
Africa,2008,11.03
Africa,2008,11.2
Europe,2008,11.33
Americas,2008,11.4
Eastern Mediterranean,2008,11.44
Europe,2008,11.45
Europe,2008,11.67
Europe,2008,11.69
Africa,2008,11.75
Americas,2008,11.76
Africa,2008,11.83
Western Pacific,2008,11.9
Europe,2008,12.36
Americas,2008,12.59
Africa,2008,12.66
Americas,2008,12.77
Africa,2008,12.77
Africa,2008,12.86
Africa,2008,12.94
Europe,2008,13.21
Europe,2008,13.35
Europe,2008,13.36
Africa,2008,13.41
Europe,2008,13.48
Americas,2008,13.51
Africa,2008,13.95
Europe,2008,13.96
Africa,2008,13.97
Europe,2008,13.99
Africa,2008,14.24
Europe,2008,14.41
Western Pacific,2008,14.94
Africa,2008,15.23
Africa,2008,15.27
Africa,2008,15.51
Europe,2008,15.63
Africa,2008,15.66
Africa,2008,15.67
Africa,2008,15.69
Africa,2008,15.96
Eastern Mediterranean,2008,16.01
Africa,2008,16.07
Europe,2008,16.24
South-East Asia,2008,16.32
Europe,2008,16.58
Europe,2008,16.84
Europe,2008,17.32
Africa,2008,17.34
South-East Asia,2008,17.47
Europe,2008,18.12
Africa,2008,18.3
Western Pacific,2008,18.73
Africa,2008,18.89
Africa,2008,19
Africa,2008,19.01
Western Pacific,2008,19.03
Europe,2008,19.13
Africa,2008,19.66
Americas,2008,2.05
Eastern Mediterranean,2008,2.22
Americas,2008,2.29
Western Pacific,2008,2.36
Africa,2008,2.37
Europe,2008,2.47
Europe,2008,2.63
Americas,2008,2.84
Americas,2008,2.89
Eastern Mediterranean,2008,2.92
Africa,2008,20.12
Africa,2008,21.27
Europe,2008,21.66
Western Pacific,2008,21.7
Western Pacific,2008,22.9
Africa,2008,23.08
Western Pacific,2008,24.38
Europe,2008,25.9
Americas,2008,26.7
Western Pacific,2008,27
Africa,2008,27.29
Africa,2008,29.43
Eastern Mediterranean,2008,3.01
South-East Asia,2008,3.06
Western Pacific,2008,3.28
Africa,2008,3.31
Americas,2008,3.4
South-East Asia,2008,3.42
Eastern Mediterranean,2008,3.47
South-East Asia,2008,3.49
Eastern Mediterranean,2008,3.51
Americas,2008,3.74
South-East Asia,2008,3.91
Americas,2008,3.93
Europe,2008,30.58
Africa,2008,31.7
Europe,2008,32.65
Western Pacific,2008,33.45
Americas,2008,33.68
Europe,2008,33.76
Europe,2008,35.38
Africa,2008,36.06
Europe,2008,4.23
Americas,2008,4.27
Americas,2008,4.33
Americas,2008,4.58
Western Pacific,2008,4.71
Europe,2008,4.79
Europe,2008,4.85
Eastern Mediterranean,2008,4.86
Europe,2008,4.86
Eastern Mediterranean,2008,4.88
Europe,2008,5.06
Eastern Mediterranean,2008,5.19
Americas,2008,5.22
South-East Asia,2008,5.25
Eastern Mediterranean,2008,5.41
Western Pacific,2008,5.43
Americas,2008,5.49
South-East Asia,2008,5.52
Africa,2008,5.55
Europe,2008,5.55
Europe,2008,5.55
Americas,2008,5.57
Americas,2008,5.61
Americas,2008,5.61
Americas,2008,5.7
Eastern Mediterranean,2008,5.74
Europe,2008,5.78
Eastern Mediterranean,2008,6.32
Africa,2008,6.44
Europe,2008,6.52
Western Pacific,2008,6.65
Eastern Mediterranean,2008,6.69
Eastern Mediterranean,2008,6.78
Africa,2008,6.86
Americas,2008,7.01
Eastern Mediterranean,2008,7.17
Western Pacific,2008,7.21
Europe,2008,7.26
Americas,2008,7.28
Western Pacific,2008,7.35
South-East Asia,2008,7.42
Europe,2008,7.44
Africa,2008,7.71
Eastern Mediterranean,2008,7.81
Americas,2008,7.89
Europe,2008,7.93
Africa,2008,75.82
Africa,2008,77.79
Europe,2008,8.09
Eastern Mediterranean,2008,8.28
Americas,2008,8.59
Europe,2008,8.6
Africa,2008,8.62
Europe,2008,8.72
Western Pacific,2008,8.78
Africa,2008,8.86
Europe,2008,8.9
Africa,2008,8.99
Europe,2008,9.06
Africa,2008,9.14
Europe,2008,9.19
South-East Asia,2008,9.2
Europe,2008,9.53
Eastern Mediterranean,2008,9.76
Americas,2008,9.87
Americas,2008,9.88
Americas,2007,0.33
Americas,2007,1.26
Eastern Mediterranean,2007,1.77
Americas,2007,1.85
Americas,2007,1.89
Western Pacific,2007,10.05
Africa,2007,10.25
Americas,2007,10.36
Africa,2007,10.38
Africa,2007,10.43
Americas,2007,10.5
Americas,2007,10.54
Europe,2007,10.55
Americas,2007,10.65
Eastern Mediterranean,2007,10.73
Europe,2007,10.76
Western Pacific,2007,11.1
Americas,2007,11.19
Europe,2007,11.22
Africa,2007,11.23
Europe,2007,11.25
Eastern Mediterranean,2007,11.5
Africa,2007,11.66
Africa,2007,11.67
Western Pacific,2007,11.72
Europe,2007,11.73
Europe,2007,11.9
Europe,2007,12.16
Africa,2007,12.42
Africa,2007,12.53
Americas,2007,12.58
Africa,2007,13.01
Europe,2007,13.27
Europe,2007,13.38
Africa,2007,13.42
Europe,2007,13.49
Europe,2007,13.6
Africa,2007,13.67
Europe,2007,13.75
Europe,2007,13.78
Europe,2007,13.99
Africa,2007,14.18
Africa,2007,14.34
Europe,2007,14.43
Africa,2007,14.52
Africa,2007,15.02
Europe,2007,15.08
Western Pacific,2007,15.1
Europe,2007,15.28
Africa,2007,15.37
Africa,2007,15.46
Americas,2007,15.79
Eastern Mediterranean,2007,15.85
Africa,2007,15.89
Africa,2007,15.91
Africa,2007,16
Africa,2007,16.48
Africa,2007,16.59
South-East Asia,2007,16.69
Europe,2007,16.98
Europe,2007,17
Europe,2007,17.02
Europe,2007,17.47
Europe,2007,17.57
Africa,2007,17.68
Western Pacific,2007,18.06
Africa,2007,18.15
Europe,2007,18.89
Africa,2007,19.05
Western Pacific,2007,19.14
Africa,2007,19.84
Western Pacific,2007,2.19
Western Pacific,2007,2.21
Eastern Mediterranean,2007,2.37
Africa,2007,2.42
Europe,2007,2.45
Eastern Mediterranean,2007,2.59
Europe,2007,2.6
Americas,2007,2.82
Europe,2007,2.82
Americas,2007,2.92
Eastern Mediterranean,2007,2.99
South-East Asia,2007,20.08
Africa,2007,20.26
Africa,2007,20.4
Africa,2007,20.83
Africa,2007,21.76
Western Pacific,2007,21.96
Western Pacific,2007,23
Western Pacific,2007,23.24
Africa,2007,23.74
Europe,2007,26.37
Western Pacific,2007,27
Americas,2007,27.01
Africa,2007,27.23
Africa,2007,27.42
Africa,2007,27.7
Europe,2007,29.87
South-East Asia,2007,3.15
Americas,2007,3.32
Western Pacific,2007,3.33
Africa,2007,3.46
Eastern Mediterranean,2007,3.51
Eastern Mediterranean,2007,3.57
South-East Asia,2007,3.57
South-East Asia,2007,3.68
Europe,2007,30.91
Western Pacific,2007,32.84
Americas,2007,35.06
Europe,2007,36.26
Europe,2007,37.21
Africa,2007,37.45
Americas,2007,4.04
Americas,2007,4.16
South-East Asia,2007,4.23
Americas,2007,4.25
Americas,2007,4.3
Europe,2007,4.58
Eastern Mediterranean,2007,4.61
Europe,2007,4.7
Western Pacific,2007,4.8
Europe,2007,4.81
Europe,2007,5
Eastern Mediterranean,2007,5.02
Europe,2007,5.02
Americas,2007,5.05
Eastern Mediterranean,2007,5.11
Americas,2007,5.15
Europe,2007,5.17
Europe,2007,5.18
Eastern Mediterranean,2007,5.23
Western Pacific,2007,5.33
Americas,2007,5.4
Europe,2007,5.4
South-East Asia,2007,5.48
Americas,2007,5.64
South-East Asia,2007,5.67
Americas,2007,5.69
Africa,2007,5.71
Eastern Mediterranean,2007,5.98
Eastern Mediterranean,2007,6.52
Americas,2007,6.69
Europe,2007,6.71
Eastern Mediterranean,2007,6.82
Western Pacific,2007,6.89
Africa,2007,61.27
Africa,2007,7
Europe,2007,7.06
Eastern Mediterranean,2007,7.15
Americas,2007,7.15
Americas,2007,7.17
Western Pacific,2007,7.21
Western Pacific,2007,7.35
Eastern Mediterranean,2007,7.42
Africa,2007,7.55
Eastern Mediterranean,2007,7.73
South-East Asia,2007,7.74
Africa,2007,74.12
Europe,2007,8.05
Europe,2007,8.07
Americas,2007,8.17
Americas,2007,8.25
Europe,2007,8.33
Americas,2007,8.48
Europe,2007,8.57
Eastern Mediterranean,2007,8.72
Africa,2007,8.73
Africa,2007,8.74
Africa,2007,8.86
South-East Asia,2007,8.93
Europe,2007,8.94
Africa,2007,9.22
Europe,2007,9.25
Europe,2007,9.36
Western Pacific,2007,9.37
Europe,2007,9.44
Europe,2007,9.5
Western Pacific,2007,9.82
Eastern Mediterranean,2007,9.86
Americas,2007,9.86
Americas,2007,9.92
Africa,2007,9.96
South-East Asia,2007,9.97
Americas,2006,0.44
Americas,2006,1.33
Americas,2006,1.63
Eastern Mediterranean,2006,1.75
Africa,2006,10.09
Europe,2006,10.22
Africa,2006,10.26
Americas,2006,10.39
Africa,2006,10.61
Americas,2006,10.63
Europe,2006,10.63
Americas,2006,10.69
Americas,2006,10.96
Eastern Mediterranean,2006,11
Africa,2006,11.07
Europe,2006,11.2
Europe,2006,11.26
Africa,2006,11.37
Europe,2006,11.47
Europe,2006,11.65
Africa,2006,11.67
Eastern Mediterranean,2006,11.72
Western Pacific,2006,11.88
Europe,2006,12.08
Americas,2006,12.12
Europe,2006,12.23
Africa,2006,12.35
Europe,2006,12.49
Western Pacific,2006,12.63
Africa,2006,12.68
Europe,2006,12.77
Africa,2006,13.03
Americas,2006,13.31
Europe,2006,13.7
Americas,2006,13.79
Africa,2006,13.89
Europe,2006,13.9
Africa,2006,14.31
Europe,2006,14.36
Europe,2006,14.38
Africa,2006,14.41
Europe,2006,14.49
Africa,2006,14.57
Africa,2006,14.83
Africa,2006,14.85
Europe,2006,15
Western Pacific,2006,15.25
Africa,2006,15.49
Europe,2006,15.51
Africa,2006,15.58
Africa,2006,15.94
Eastern Mediterranean,2006,16.16
Africa,2006,16.35
Europe,2006,16.58
Western Pacific,2006,16.8
Europe,2006,16.82
Africa,2006,17.06
South-East Asia,2006,17.14
Africa,2006,17.16
Europe,2006,17.51
Africa,2006,17.53
Africa,2006,18.16
Europe,2006,18.25
South-East Asia,2006,18.41
Western Pacific,2006,18.44
Europe,2006,19.09
Europe,2006,19.17
Africa,2006,19.19
Europe,2006,19.22
Africa,2006,2.23
Western Pacific,2006,2.43
Western Pacific,2006,2.45
Eastern Mediterranean,2006,2.56
Eastern Mediterranean,2006,2.67
Eastern Mediterranean,2006,2.72
Europe,2006,2.79
Americas,2006,2.89
Europe,2006,2.9
Americas,2006,2.97
Africa,2006,20.15
Africa,2006,20.47
Western Pacific,2006,20.78
Africa,2006,20.92
Europe,2006,20.97
Africa,2006,21.16
Africa,2006,21.62
Africa,2006,21.82
Africa,2006,21.97
Western Pacific,2006,22.18
Western Pacific,2006,23.37
Africa,2006,24.52
Europe,2006,25.6
Africa,2006,26.54
Americas,2006,27.29
Western Pacific,2006,27.37
Africa,2006,28.14
Europe,2006,29.73
Western Pacific,2006,3.19
Europe,2006,3.22
South-East Asia,2006,3.22
Eastern Mediterranean,2006,3.56
Americas,2006,3.57
Africa,2006,3.65
Eastern Mediterranean,2006,3.65
South-East Asia,2006,3.77
South-East Asia,2006,3.9
Western Pacific,2006,31.46
Europe,2006,34.76
Americas,2006,34.96
Europe,2006,37.23
Europe,2006,39.07
Americas,2006,4.25
Americas,2006,4.29
Americas,2006,4.3
Eastern Mediterranean,2006,4.33
South-East Asia,2006,4.44
Eastern Mediterranean,2006,4.48
Americas,2006,4.6
Europe,2006,4.68
Western Pacific,2006,4.73
Europe,2006,4.74
Europe,2006,4.85
Americas,2006,4.9
Americas,2006,4.94
Africa,2006,40.94
Eastern Mediterranean,2006,5.15
Americas,2006,5.27
Eastern Mediterranean,2006,5.3
Europe,2006,5.34
Europe,2006,5.36
Western Pacific,2006,5.47
Europe,2006,5.47
Europe,2006,5.57
South-East Asia,2006,5.6
Americas,2006,5.61
Eastern Mediterranean,2006,5.68
Africa,2006,5.75
Europe,2006,5.83
South-East Asia,2006,5.85
Americas,2006,5.97
Africa,2006,55.36
Eastern Mediterranean,2006,6.12
Americas,2006,6.16
Eastern Mediterranean,2006,6.45
Europe,2006,6.89
Western Pacific,2006,6.9
Eastern Mediterranean,2006,6.92
Americas,2006,6.99
Africa,2006,64.93
Americas,2006,7
Western Pacific,2006,7.04
Africa,2006,7.08
Americas,2006,7.19
Eastern Mediterranean,2006,7.56
Western Pacific,2006,7.58
Americas,2006,7.68
Eastern Mediterranean,2006,7.82
Eastern Mediterranean,2006,7.83
Europe,2006,7.83
Europe,2006,7.93
Europe,2006,8.08
Africa,2006,8.11
South-East Asia,2006,8.26
Americas,2006,8.43
Africa,2006,8.45
Europe,2006,8.47
Americas,2006,8.53
Africa,2006,8.65
Europe,2006,8.77
South-East Asia,2006,8.95
Africa,2006,8.99
Africa,2006,9.06
Africa,2006,9.16
Europe,2006,9.25
Europe,2006,9.46
Western Pacific,2006,9.53
Americas,2006,9.56
Europe,2006,9.59
Americas,2006,9.72
South-East Asia,2006,9.74
Western Pacific,2006,9.86
Eastern Mediterranean,2006,9.87
Western Pacific,2006,9.9
Americas,2005,1.32
Americas,2005,1.6
Eastern Mediterranean,2005,1.78
Western Pacific,2005,1.94
Eastern Mediterranean,2005,10.05
Western Pacific,2005,10.07
Africa,2005,10.12
Western Pacific,2005,10.16
Europe,2005,10.2
Europe,2005,10.22
Africa,2005,10.3
Americas,2005,10.3
Africa,2005,10.41
Americas,2005,10.58
Africa,2005,10.68
Americas,2005,10.69
Europe,2005,10.81
Europe,2005,10.87
Africa,2005,10.93
Eastern Mediterranean,2005,10.97
Europe,2005,10.98
Europe,2005,11.1
Americas,2005,11.1
Europe,2005,11.44
Africa,2005,11.44
Europe,2005,11.56
Americas,2005,11.99
Eastern Mediterranean,2005,12.02
Americas,2005,12.05
Africa,2005,12.16
Western Pacific,2005,12.52
Europe,2005,12.61
Europe,2005,12.69
Western Pacific,2005,12.83
Africa,2005,12.92
Americas,2005,13.26
Africa,2005,13.26
Europe,2005,13.28
Europe,2005,14.06
Africa,2005,14.06
Africa,2005,14.11
Americas,2005,14.16
Africa,2005,14.32
Europe,2005,14.55
Africa,2005,14.69
Europe,2005,14.82
Africa,2005,14.97
Europe,2005,15.03
Europe,2005,15.22
Western Pacific,2005,15.26
Africa,2005,15.34
Africa,2005,15.61
Europe,2005,15.64
Africa,2005,15.64
Africa,2005,15.66
Europe,2005,15.81
Africa,2005,15.87
Africa,2005,16.26
Eastern Mediterranean,2005,16.61
Europe,2005,16.74
Western Pacific,2005,16.79
Europe,2005,16.88
South-East Asia,2005,17.01
Europe,2005,17.06
Africa,2005,17.36
Africa,2005,17.94
Africa,2005,18.49
Europe,2005,18.72
Africa,2005,18.75
Western Pacific,2005,18.81
Europe,2005,19.05
Africa,2005,2.12
Americas,2005,2.17
Europe,2005,2.34
Western Pacific,2005,2.36
Eastern Mediterranean,2005,2.7
Eastern Mediterranean,2005,2.75
Europe,2005,2.87
Eastern Mediterranean,2005,2.89
Americas,2005,2.96
Europe,2005,2.96
Americas,2005,2.98
Africa,2005,20.35
Europe,2005,20.48
Africa,2005,20.56
Europe,2005,20.64
Africa,2005,20.84
Africa,2005,20.95
Western Pacific,2005,21.42
Africa,2005,21.43
Africa,2005,21.97
Europe,2005,22.07
Africa,2005,22.13
Western Pacific,2005,23.91
Western Pacific,2005,23.97
Africa,2005,24.69
Americas,2005,26.99
Africa,2005,27.24
Africa,2005,27.46
Western Pacific,2005,27.65
Europe,2005,28.27
South-East Asia,2005,28.58
Americas,2005,3.15
Western Pacific,2005,3.19
Americas,2005,3.22
South-East Asia,2005,3.33
Eastern Mediterranean,2005,3.59
Eastern Mediterranean,2005,3.69
Europe,2005,3.81
Africa,2005,3.82
South-East Asia,2005,3.83
Western Pacific,2005,32.52
Americas,2005,35.58
Europe,2005,36.88
Europe,2005,37.25
Europe,2005,38.59
Eastern Mediterranean,2005,4.11
South-East Asia,2005,4.31
Americas,2005,4.33
Americas,2005,4.35
Europe,2005,4.37
South-East Asia,2005,4.49
Eastern Mediterranean,2005,4.58
Americas,2005,4.61
Europe,2005,4.69
Europe,2005,4.71
Americas,2005,4.77
Western Pacific,2005,4.79
Europe,2005,4.81
Americas,2005,4.96
Africa,2005,43.43
Europe,2005,43.56
Africa,2005,46.74
Eastern Mediterranean,2005,5.13
Americas,2005,5.31
Eastern Mediterranean,2005,5.39
Europe,2005,5.45
South-East Asia,2005,5.57
Americas,2005,5.59
Western Pacific,2005,5.65
Africa,2005,5.73
Eastern Mediterranean,2005,5.97
Europe,2005,5.97
South-East Asia,2005,5.99
Americas,2005,6.07
Eastern Mediterranean,2005,6.16
Eastern Mediterranean,2005,6.27
Europe,2005,6.62
Americas,2005,6.69
Eastern Mediterranean,2005,6.76
Western Pacific,2005,6.81
Western Pacific,2005,6.94
Europe,2005,6.94
Africa,2005,60.09
Americas,2005,7.09
Africa,2005,7.1
Americas,2005,7.41
Americas,2005,7.41
Eastern Mediterranean,2005,7.64
Europe,2005,7.65
Europe,2005,7.68
Western Pacific,2005,7.74
Europe,2005,7.91
Eastern Mediterranean,2005,7.97
Americas,2005,8.2
Europe,2005,8.26
Africa,2005,8.28
Africa,2005,8.43
South-East Asia,2005,8.52
Americas,2005,8.54
Africa,2005,8.65
Africa,2005,8.75
Europe,2005,8.95
South-East Asia,2005,9.04
Africa,2005,9.1
Africa,2005,9.21
Americas,2005,9.49
Europe,2005,9.56
Eastern Mediterranean,2005,9.62
Americas,2005,9.76
Europe,2005,9.81
Western Pacific,2005,9.96
South-East Asia,2005,9.98
Europe,2004,0.82
Americas,2004,0.96
Americas,2004,1.72
Western Pacific,2004,1.78
Eastern Mediterranean,2004,1.8
Americas,2004,1.95
Americas,2004,10.01
Western Pacific,2004,10.04
Eastern Mediterranean,2004,10.21
Americas,2004,10.27
Western Pacific,2004,10.34
Europe,2004,10.38
Africa,2004,10.44
Europe,2004,10.52
Europe,2004,10.77
Americas,2004,10.79
Africa,2004,10.87
Africa,2004,10.95
Africa,2004,10.96
Europe,2004,11.07
Europe,2004,11.11
Eastern Mediterranean,2004,11.21
Europe,2004,11.48
Africa,2004,11.63
Americas,2004,11.66
Europe,2004,11.74
Europe,2004,11.86
Africa,2004,11.91
Europe,2004,11.94
Americas,2004,12.02
Eastern Mediterranean,2004,12.12
Western Pacific,2004,12.17
Africa,2004,12.22
Americas,2004,12.58
Europe,2004,13.12
Western Pacific,2004,13.39
Africa,2004,13.44
Europe,2004,13.63
Europe,2004,13.65
Americas,2004,13.87
Americas,2004,13.94
Europe,2004,14.21
Africa,2004,14.23
Africa,2004,14.62
Africa,2004,14.85
Africa,2004,15.04
Europe,2004,15.1
Western Pacific,2004,15.14
Europe,2004,15.19
Africa,2004,15.21
Europe,2004,15.25
Europe,2004,15.29
Africa,2004,15.65
Africa,2004,15.79
Africa,2004,15.82
Africa,2004,16.2
Africa,2004,16.2
Western Pacific,2004,16.46
Europe,2004,16.57
Europe,2004,16.67
Europe,2004,16.69
South-East Asia,2004,16.82
Eastern Mediterranean,2004,16.83
Africa,2004,17.19
Africa,2004,18.25
Africa,2004,18.28
Western Pacific,2004,18.42
Europe,2004,18.45
Africa,2004,18.55
Africa,2004,18.69
Europe,2004,18.86
Africa,2004,19.37
Africa,2004,2.16
Western Pacific,2004,2.2
Europe,2004,2.48
Eastern Mediterranean,2004,2.74
Eastern Mediterranean,2004,2.88
Americas,2004,2.97
Eastern Mediterranean,2004,2.99
Africa,2004,20.52
Africa,2004,20.88
Africa,2004,21.12
Africa,2004,21.21
Africa,2004,21.47
Europe,2004,21.6
Western Pacific,2004,21.94
Europe,2004,22.05
South-East Asia,2004,22.08
Europe,2004,22.29
Africa,2004,22.47
Western Pacific,2004,23.08
Europe,2004,23.15
Africa,2004,23.38
Western Pacific,2004,23.92
Americas,2004,26.63
Western Pacific,2004,27.11
Africa,2004,27.91
Africa,2004,28.05
Europe,2004,28.37
Americas,2004,3.06
Europe,2004,3.16
Western Pacific,2004,3.17
Americas,2004,3.34
South-East Asia,2004,3.47
Europe,2004,3.64
Eastern Mediterranean,2004,3.66
Eastern Mediterranean,2004,3.78
South-East Asia,2004,3.83
Eastern Mediterranean,2004,3.91
Africa,2004,3.97
Western Pacific,2004,31.99
Europe,2004,36.05
Americas,2004,37.31
Europe,2004,38.08
Europe,2004,39.28
Americas,2004,4.26
South-East Asia,2004,4.38
Europe,2004,4.5
Europe,2004,4.55
South-East Asia,2004,4.63
Americas,2004,4.64
Eastern Mediterranean,2004,4.67
Americas,2004,4.7
Americas,2004,4.73
Europe,2004,4.85
Europe,2004,4.86
Americas,2004,4.89
Africa,2004,40.94
Europe,2004,43.92
Africa,2004,47.06
Western Pacific,2004,5.01
Americas,2004,5.06
Europe,2004,5.14
Eastern Mediterranean,2004,5.16
Eastern Mediterranean,2004,5.29
Americas,2004,5.32
South-East Asia,2004,5.56
Americas,2004,5.76
Western Pacific,2004,5.81
Africa,2004,57.92
Africa,2004,6.01
Americas,2004,6.07
South-East Asia,2004,6.12
Eastern Mediterranean,2004,6.12
Europe,2004,6.12
Europe,2004,6.4
Europe,2004,6.42
Americas,2004,6.43
Eastern Mediterranean,2004,6.45
Western Pacific,2004,6.6
Eastern Mediterranean,2004,6.63
Eastern Mediterranean,2004,6.78
Western Pacific,2004,7.01
Africa,2004,7.23
Europe,2004,7.23
Americas,2004,7.26
Americas,2004,7.34
Europe,2004,7.45
Americas,2004,7.53
Eastern Mediterranean,2004,7.77
Western Pacific,2004,7.8
Africa,2004,7.95
Eastern Mediterranean,2004,8.12
Europe,2004,8.13
Americas,2004,8.37
Europe,2004,8.4
Africa,2004,8.48
Africa,2004,8.57
Americas,2004,8.68
Americas,2004,8.84
Western Pacific,2004,9.21
South-East Asia,2004,9.23
Africa,2004,9.25
Africa,2004,9.33
Africa,2004,9.33
Americas,2004,9.43
Europe,2004,9.43
Eastern Mediterranean,2004,9.78
Europe,2004,9.81
Europe,2004,9.81
Africa,2004,9.83
South-East Asia,2004,9.83
South-East Asia,2004,9.89
Americas,2003,0.8
Americas,2003,1.44
Western Pacific,2003,1.57
Eastern Mediterranean,2003,1.8
Americas,2003,1.87
Africa,2003,1.99
Africa,2003,10.02
South-East Asia,2003,10.15
Africa,2003,10.23
Europe,2003,10.31
Eastern Mediterranean,2003,10.34
Europe,2003,10.39
Western Pacific,2003,10.48
Americas,2003,10.57
Europe,2003,10.79
Americas,2003,10.89
Europe,2003,10.96
Africa,2003,10.98
Africa,2003,11
Western Pacific,2003,11.07
Europe,2003,11.18
Europe,2003,11.26
Eastern Mediterranean,2003,11.28
Africa,2003,11.44
Africa,2003,11.52
Europe,2003,11.57
Europe,2003,11.68
Africa,2003,11.89
Americas,2003,11.98
Americas,2003,12.01
Europe,2003,12.01
Eastern Mediterranean,2003,12.06
Europe,2003,12.85
Americas,2003,12.9
Western Pacific,2003,12.95
Western Pacific,2003,13
Europe,2003,13.01
Africa,2003,13.2
Africa,2003,13.61
Europe,2003,13.69
Europe,2003,13.84
Americas,2003,13.86
Americas,2003,14.16
Europe,2003,14.25
Africa,2003,14.4
Africa,2003,14.81
Europe,2003,14.91
Europe,2003,15.13
Europe,2003,15.16
Europe,2003,15.31
Africa,2003,15.31
Western Pacific,2003,15.59
Africa,2003,15.67
Europe,2003,15.75
Africa,2003,15.78
Africa,2003,15.95
Africa,2003,16.28
Africa,2003,16.34
Africa,2003,16.6
Eastern Mediterranean,2003,16.64
Europe,2003,17.05
Europe,2003,17.13
South-East Asia,2003,17.25
Africa,2003,17.47
Western Pacific,2003,17.58
Europe,2003,17.89
Africa,2003,18.11
Europe,2003,18.34
Africa,2003,18.36
Africa,2003,18.41
Africa,2003,18.57
Europe,2003,18.92
Africa,2003,19.38
Africa,2003,19.49
Western Pacific,2003,19.52
Europe,2003,2.06
Western Pacific,2003,2.27
Europe,2003,2.49
Americas,2003,2.51
Americas,2003,2.57
Eastern Mediterranean,2003,2.69
Europe,2003,2.7
Eastern Mediterranean,2003,2.86
Africa,2003,20.23
Africa,2003,20.38
Africa,2003,20.74
Africa,2003,20.88
South-East Asia,2003,21.2
Africa,2003,21.51
Africa,2003,21.73
Europe,2003,21.79
Western Pacific,2003,22.27
Europe,2003,22.32
Western Pacific,2003,22.47
Europe,2003,23.11
Western Pacific,2003,23.84
Europe,2003,24.46
Africa,2003,25.46
Western Pacific,2003,26.3
Americas,2003,27.36
Africa,2003,28.67
Europe,2003,28.96
Africa,2003,29.06
Americas,2003,3.04
Western Pacific,2003,3.11
Eastern Mediterranean,2003,3.13
Americas,2003,3.24
Europe,2003,3.3
South-East Asia,2003,3.55
Eastern Mediterranean,2003,3.71
Americas,2003,3.71
Eastern Mediterranean,2003,3.85
Western Pacific,2003,32.47
Europe,2003,37.09
Americas,2003,38.13
Europe,2003,39.05
Eastern Mediterranean,2003,4.02
Europe,2003,4.04
Africa,2003,4.12
Americas,2003,4.27
Europe,2003,4.48
South-East Asia,2003,4.55
Europe,2003,4.55
South-East Asia,2003,4.67
Americas,2003,4.69
South-East Asia,2003,4.73
Americas,2003,4.81
Europe,2003,4.94
Europe,2003,40.19
Africa,2003,40.34
Europe,2003,45.35
Africa,2003,45.68
Western Pacific,2003,5.08
Eastern Mediterranean,2003,5.21
Europe,2003,5.27
Americas,2003,5.33
Eastern Mediterranean,2003,5.34
Eastern Mediterranean,2003,5.35
Americas,2003,5.6
Europe,2003,5.69
South-East Asia,2003,5.81
Western Pacific,2003,5.91
Africa,2003,5.93
Africa,2003,55.43
Americas,2003,6.32
South-East Asia,2003,6.35
Europe,2003,6.4
Americas,2003,6.42
Europe,2003,6.42
Eastern Mediterranean,2003,6.43
Western Pacific,2003,6.46
Americas,2003,6.65
Eastern Mediterranean,2003,6.75
Eastern Mediterranean,2003,6.8
Eastern Mediterranean,2003,6.88
Western Pacific,2003,6.95
Europe,2003,7.03
Americas,2003,7.22
Africa,2003,7.26
Africa,2003,7.64
Americas,2003,7.7
Americas,2003,7.72
Eastern Mediterranean,2003,7.72
Western Pacific,2003,7.97
Europe,2003,8.01
Eastern Mediterranean,2003,8.09
Americas,2003,8.14
Americas,2003,8.17
Africa,2003,8.27
Europe,2003,8.27
Europe,2003,8.45
Africa,2003,8.55
Europe,2003,8.7
Americas,2003,8.89
Africa,2003,9.13
Africa,2003,9.16
South-East Asia,2003,9.43
Western Pacific,2003,9.61
Americas,2003,9.66
Americas,2003,9.69
Africa,2003,9.84
Eastern Mediterranean,2003,9.93
South-East Asia,2003,9.95
Americas,2002,0.29
Americas,2002,1.25
Western Pacific,2002,1.5
Eastern Mediterranean,2002,1.9
Americas,2002,1.95
Africa,2002,10.12
South-East Asia,2002,10.14
Africa,2002,10.22
Americas,2002,10.28
Eastern Mediterranean,2002,10.38
Western Pacific,2002,10.38
South-East Asia,2002,10.45
Americas,2002,10.53
Americas,2002,10.63
Africa,2002,10.74
Africa,2002,10.78
Africa,2002,10.96
Western Pacific,2002,10.96
Africa,2002,10.97
Europe,2002,11
Europe,2002,11.01
Europe,2002,11.18
Eastern Mediterranean,2002,11.26
Western Pacific,2002,11.27
Europe,2002,11.3
Africa,2002,11.48
Europe,2002,11.53
Europe,2002,11.75
Eastern Mediterranean,2002,11.96
Americas,2002,12.09
Western Pacific,2002,12.16
Europe,2002,12.32
Europe,2002,12.37
Western Pacific,2002,12.52
Europe,2002,12.62
Europe,2002,12.74
Africa,2002,12.79
Americas,2002,12.91
Europe,2002,12.97
Europe,2002,13.22
Americas,2002,13.67
Africa,2002,13.73
Africa,2002,13.91
Africa,2002,14.22
Americas,2002,14.85
Africa,2002,14.86
Europe,2002,14.9
Europe,2002,15.11
Europe,2002,15.16
Europe,2002,15.24
Europe,2002,15.59
Africa,2002,15.78
Western Pacific,2002,15.8
Africa,2002,15.81
Africa,2002,15.91
Europe,2002,15.98
Europe,2002,16.19
Africa,2002,16.54
Eastern Mediterranean,2002,16.57
Europe,2002,16.59
Africa,2002,16.74
Africa,2002,16.85
Africa,2002,16.93
Europe,2002,17.12
Western Pacific,2002,17.21
Africa,2002,17.24
Western Pacific,2002,17.81
Europe,2002,17.81
Europe,2002,17.85
Western Pacific,2002,17.88
Americas,2002,17.9
Africa,2002,18.08
Africa,2002,18.13
South-East Asia,2002,18.16
Europe,2002,19.18
Africa,2002,19.23
Africa,2002,19.77
Europe,2002,2.03
Western Pacific,2002,2.11
Europe,2002,2.29
Africa,2002,2.4
Americas,2002,2.44
Eastern Mediterranean,2002,2.88
Eastern Mediterranean,2002,2.9
Western Pacific,2002,2.98
Africa,2002,20.34
Africa,2002,20.48
Africa,2002,20.51
Africa,2002,20.73
Africa,2002,20.83
South-East Asia,2002,21.46
Africa,2002,22.07
Africa,2002,22.07
Africa,2002,22.32
Europe,2002,22.79
Western Pacific,2002,22.85
Western Pacific,2002,22.89
Europe,2002,22.94
Europe,2002,25.76
Western Pacific,2002,26.28
Africa,2002,26.29
Europe,2002,27.12
Americas,2002,27.68
Africa,2002,28.02
Americas,2002,3.02
Europe,2002,3.1
Americas,2002,3.17
Eastern Mediterranean,2002,3.2
Americas,2002,3.42
Europe,2002,3.43
South-East Asia,2002,3.64
Eastern Mediterranean,2002,3.74
Americas,2002,3.75
Eastern Mediterranean,2002,3.88
Europe,2002,3.88
Eastern Mediterranean,2002,3.93
Africa,2002,30.43
Europe,2002,30.55
Western Pacific,2002,34.5
Europe,2002,38.31
Europe,2002,38.72
Americas,2002,39.77
Americas,2002,4.15
Africa,2002,4.43
Europe,2002,4.63
South-East Asia,2002,4.64
South-East Asia,2002,4.69
Americas,2002,4.77
South-East Asia,2002,4.78
Europe,2002,4.82
Americas,2002,4.88
Europe,2002,4.89
Americas,2002,4.9
Africa,2002,42.19
Europe,2002,42.26
Africa,2002,42.55
Europe,2002,46.11
Western Pacific,2002,5
Eastern Mediterranean,2002,5.18
Europe,2002,5.41
Eastern Mediterranean,2002,5.45
Eastern Mediterranean,2002,5.48
Western Pacific,2002,5.77
Europe,2002,5.83
Americas,2002,5.85
Americas,2002,5.88
Americas,2002,5.92
Africa,2002,51.14
Africa,2002,6.1
South-East Asia,2002,6.1
Americas,2002,6.18
Eastern Mediterranean,2002,6.29
Europe,2002,6.31
South-East Asia,2002,6.46
Western Pacific,2002,6.58
Western Pacific,2002,6.98
Americas,2002,7.07
Americas,2002,7.25
Africa,2002,7.26
Eastern Mediterranean,2002,7.33
Europe,2002,7.34
Eastern Mediterranean,2002,7.36
Eastern Mediterranean,2002,7.37
Americas,2002,7.4
Europe,2002,7.48
Eastern Mediterranean,2002,7.85
Americas,2002,7.93
Americas,2002,8.09
Eastern Mediterranean,2002,8.21
Western Pacific,2002,8.22
Africa,2002,8.35
Americas,2002,8.36
Europe,2002,8.39
Europe,2002,8.53
Africa,2002,8.65
Africa,2002,8.84
Europe,2002,9
Eastern Mediterranean,2002,9.19
Africa,2002,9.21
Europe,2002,9.32
Americas,2002,9.68
Africa,2002,9.72
South-East Asia,2002,9.84
Americas,2001,0.37
Western Pacific,2001,1.29
Americas,2001,1.52
Western Pacific,2001,1.87
Americas,2001,1.88
Eastern Mediterranean,2001,1.91
Europe,2001,1.98
Americas,2001,10.31
Americas,2001,10.33
Americas,2001,10.38
South-East Asia,2001,10.39
South-East Asia,2001,10.45
Africa,2001,10.46
Africa,2001,10.46
Africa,2001,10.56
Western Pacific,2001,10.57
Africa,2001,10.63
Eastern Mediterranean,2001,10.75
Europe,2001,10.76
Americas,2001,10.86
Europe,2001,11.12
Western Pacific,2001,11.19
Eastern Mediterranean,2001,11.2
Africa,2001,11.33
Western Pacific,2001,11.36
Eastern Mediterranean,2001,11.71
Europe,2001,11.73
Europe,2001,11.87
Europe,2001,12.34
Europe,2001,12.35
Americas,2001,12.36
Europe,2001,12.44
Europe,2001,12.47
Europe,2001,12.76
Europe,2001,13.16
Europe,2001,13.17
Americas,2001,13.23
Europe,2001,13.23
Western Pacific,2001,13.34
Europe,2001,13.52
Western Pacific,2001,13.52
Americas,2001,13.72
Africa,2001,13.93
Americas,2001,14.09
Africa,2001,14.21
Africa,2001,14.37
Africa,2001,14.69
Europe,2001,14.69
Europe,2001,14.69
Western Pacific,2001,14.78
Africa,2001,14.83
Europe,2001,15.03
Europe,2001,15.29
Europe,2001,15.33
Europe,2001,15.37
Africa,2001,15.78
Americas,2001,16.05
Western Pacific,2001,16.17
Africa,2001,16.38
Europe,2001,16.4
Eastern Mediterranean,2001,16.52
Western Pacific,2001,17.05
Africa,2001,17.16
Africa,2001,17.46
Western Pacific,2001,17.46
Africa,2001,17.51
Africa,2001,17.63
Europe,2001,17.68
Europe,2001,17.69
Africa,2001,17.74
Europe,2001,17.77
Africa,2001,17.92
Africa,2001,18.03
Africa,2001,18.31
Europe,2001,18.45
South-East Asia,2001,18.68
Africa,2001,19.43
Africa,2001,19.53
Americas,2001,2.01
Africa,2001,2.37
Europe,2001,2.52
Americas,2001,2.73
Eastern Mediterranean,2001,2.73
Eastern Mediterranean,2001,2.91
Americas,2001,2.99
Africa,2001,20.79
Africa,2001,21.06
Europe,2001,21.19
Africa,2001,21.64
Africa,2001,21.87
South-East Asia,2001,22.38
Africa,2001,22.48
Africa,2001,22.69
Western Pacific,2001,22.78
Africa,2001,22.93
Africa,2001,22.95
Western Pacific,2001,23.71
Europe,2001,23.76
Europe,2001,24.62
Europe,2001,26.14
Africa,2001,26.74
Africa,2001,26.92
Western Pacific,2001,27.26
Europe,2001,27.51
Americas,2001,27.55
Western Pacific,2001,3.03
Europe,2001,3.07
Americas,2001,3.18
Eastern Mediterranean,2001,3.37
Americas,2001,3.48
South-East Asia,2001,3.71
Europe,2001,3.72
Eastern Mediterranean,2001,3.75
Eastern Mediterranean,2001,3.86
Europe,2001,3.87
Eastern Mediterranean,2001,3.89
Africa,2001,30.74
Europe,2001,31.21
Western Pacific,2001,35.26
Europe,2001,38.33
Europe,2001,39.37
Americas,2001,39.86
Americas,2001,4.16
Africa,2001,4.58
Europe,2001,4.74
Americas,2001,4.75
Europe,2001,4.83
South-East Asia,2001,4.86
Americas,2001,4.88
South-East Asia,2001,4.94
Africa,2001,40.41
Europe,2001,42.1
Africa,2001,44.68
Africa,2001,45.08
Europe,2001,47.09
South-East Asia,2001,5.08
Western Pacific,2001,5.1
Eastern Mediterranean,2001,5.19
Americas,2001,5.23
Europe,2001,5.37
Eastern Mediterranean,2001,5.4
Eastern Mediterranean,2001,5.44
Americas,2001,5.57
Western Pacific,2001,5.83
Americas,2001,5.92
Europe,2001,6.09
Europe,2001,6.1
Americas,2001,6.16
Americas,2001,6.21
Africa,2001,6.25
Europe,2001,6.31
South-East Asia,2001,6.45
Europe,2001,6.49
Americas,2001,6.52
Europe,2001,6.54
Eastern Mediterranean,2001,6.65
Western Pacific,2001,6.76
South-East Asia,2001,6.82
Western Pacific,2001,7.09
Americas,2001,7.3
Americas,2001,7.42
Africa,2001,7.44
Europe,2001,7.5
Eastern Mediterranean,2001,7.6
Eastern Mediterranean,2001,7.69
Eastern Mediterranean,2001,7.89
Eastern Mediterranean,2001,7.89
Europe,2001,8.01
Americas,2001,8.05
Americas,2001,8.08
Americas,2001,8.19
Africa,2001,8.35
Europe,2001,8.35
Eastern Mediterranean,2001,8.41
Western Pacific,2001,8.58
Africa,2001,8.68
Eastern Mediterranean,2001,8.9
Africa,2001,9.34
Africa,2001,9.61
Africa,2001,9.78
Africa,2001,9.78
Africa,2001,9.84
South-East Asia,2001,9.93
Western Pacific,2000,1.72
Europe,2000,1.92
Americas,2000,10.01
Americas,2000,10.02
Africa,2000,10.13
South-East Asia,2000,10.29
Americas,2000,10.52
Americas,2000,10.71
Africa,2000,10.75
Eastern Mediterranean,2000,10.85
Africa,2000,10.87
South-East Asia,2000,10.87
Eastern Mediterranean,2000,11.1
Africa,2000,11.14
Europe,2000,11.16
Europe,2000,11.33
Western Pacific,2000,11.42
Africa,2000,11.47
South-East Asia,2000,11.59
Western Pacific,2000,11.69
Western Pacific,2000,11.85
Europe,2000,12.05
Europe,2000,12.05
Eastern Mediterranean,2000,12.06
Europe,2000,12.21
Western Pacific,2000,12.37
Europe,2000,12.5
Europe,2000,12.63
Europe,2000,12.68
Americas,2000,12.72
Europe,2000,13.02
Europe,2000,13.42
Europe,2000,13.45
Americas,2000,13.48
Europe,2000,13.85
Western Pacific,2000,13.9
Europe,2000,14.05
Africa,2000,14.44
Americas,2000,14.5
Africa,2000,14.5
Africa,2000,14.72
Western Pacific,2000,14.85
Europe,2000,15.31
Africa,2000,15.56
Americas,2000,15.63
Africa,2000,15.71
Africa,2000,15.81
Europe,2000,15.81
Europe,2000,15.82
Europe,2000,15.89
Americas,2000,16.19
Western Pacific,2000,16.26
Europe,2000,16.3
Europe,2000,16.32
Eastern Mediterranean,2000,16.78
Africa,2000,16.93
Africa,2000,17.28
Western Pacific,2000,17.37
Africa,2000,17.54
Africa,2000,17.56
Europe,2000,17.6
Western Pacific,2000,18.08
Africa,2000,18.18
Europe,2000,18.3
Africa,2000,18.39
Europe,2000,18.91
Europe,2000,18.94
South-East Asia,2000,19.09
Africa,2000,19.12
Africa,2000,19.22
Africa,2000,19.35
Africa,2000,19.36
Africa,2000,19.98
Americas,2000,2.01
Eastern Mediterranean,2000,2.01
Americas,2000,2.05
Americas,2000,2.12
Africa,2000,2.24
Western Pacific,2000,2.26
Americas,2000,2.53
Americas,2000,2.6
Western Pacific,2000,2.83
Europe,2000,2.86
Eastern Mediterranean,2000,2.99
Africa,2000,20.91
Africa,2000,21.65
Europe,2000,21.74
Western Pacific,2000,23.22
Africa,2000,23.41
Africa,2000,23.43
Western Pacific,2000,23.63
Africa,2000,23.99
Africa,2000,24.03
Africa,2000,24.75
Americas,2000,24.96
Europe,2000,24.98
Africa,2000,25.56
Europe,2000,25.64
Africa,2000,26.56
Europe,2000,26.62
South-East Asia,2000,27.43
Africa,2000,27.49
Western Pacific,2000,27.98
Europe,2000,29.63
Americas,2000,3.01
Eastern Mediterranean,2000,3.1
Europe,2000,3.28
Europe,2000,3.42
Americas,2000,3.43
Eastern Mediterranean,2000,3.5
Eastern Mediterranean,2000,3.62
Americas,2000,3.64
South-East Asia,2000,3.79
Eastern Mediterranean,2000,3.84
Americas,2000,3.86
Eastern Mediterranean,2000,3.9
Africa,2000,32.5
Europe,2000,33.48
Western Pacific,2000,35.64
Americas,2000,35.75
Europe,2000,37.26
Europe,2000,39.43
Europe,2000,4.21
Americas,2000,4.47
Africa,2000,4.68
South-East Asia,2000,4.88
Americas,2000,4.9
Africa,2000,40.57
Africa,2000,42.6
Europe,2000,45.75
Africa,2000,46.25
Europe,2000,48.89
Europe,2000,5.08
Western Pacific,2000,5.13
South-East Asia,2000,5.14
Europe,2000,5.23
Eastern Mediterranean,2000,5.25
Eastern Mediterranean,2000,5.3
South-East Asia,2000,5.3
Americas,2000,5.3
Europe,2000,5.45
Europe,2000,5.53
Eastern Mediterranean,2000,5.56
Americas,2000,5.9
Europe,2000,6.01
Western Pacific,2000,6.1
Americas,2000,6.28
Americas,2000,6.35
Africa,2000,6.39
Americas,2000,6.45
Europe,2000,6.56
Europe,2000,6.6
Eastern Mediterranean,2000,6.71
Americas,2000,6.73
Europe,2000,6.76
Western Pacific,2000,6.84
Americas,2000,6.84
Americas,2000,6.85
South-East Asia,2000,6.87
South-East Asia,2000,6.91
Eastern Mediterranean,2000,7.04
Western Pacific,2000,7.17
Eastern Mediterranean,2000,7.62
Eastern Mediterranean,2000,7.71
Europe,2000,7.74
Africa,2000,7.89
Eastern Mediterranean,2000,8.01
Eastern Mediterranean,2000,8.04
Americas,2000,8.08
Europe,2000,8.09
Europe,2000,8.13
Americas,2000,8.37
Eastern Mediterranean,2000,8.51
Western Pacific,2000,8.65
Europe,2000,8.66
Africa,2000,8.78
Africa,2000,8.79
Africa,2000,9.18
Americas,2000,9.2
Africa,2000,9.51
Africa,2000,9.73
Africa,2000,9.75
Africa,2000,9.76
